SYSDATETIME,WTG001_POWER,WTG002_POWER,WTG003_POWER,WTG004_POWER,WTG005_POWER,WTG006_POWER,WTG007_POWER,WTG008_POWER,WTG009_POWER,WTG010_POWER,WTG011_POWER,WTG012_POWER,WTG013_POWER,WTG014_POWER,WTG015_POWER,WTG016_POWER,WTG017_POWER,WTG018_POWER,WTG019_POWER,WTG020_POWER,POWER_TOTAL
2026-04-15 00:00:00,9.4,32.6,6.4,7.8,0.9,24.2,38.3,35.0,2.2,7.3,13.7,6.8,9.1,8.7,0.0,0.0,0.0,0.0,19.8,0.0,222.2
2026-04-15 01:00:00,8.2,31.4,3.8,5.5,0.2,10.4,36.3,34.6,2.4,0.0,14.9,2.4,5.6,2.9,0.0,0.0,0.0,0.0,6.3,0.0,164.9
2026-04-15 02:00:00,6.6,28.4,0.0,0.0,1.7,13.0,37.5,35.3,0.0,0.0,19.1,2.3,3.6,0.0,0.0,0.0,0.0,0.0,6.8,0.0,154.3
2026-04-15 03:00:00,3.2,29.8,0.0,4.2,1.5,13.0,38.6,34.7,0.0,11.1,18.2,0.0,5.2,2.3,0.0,0.0,0.0,0.0,11.0,0.0,172.8
2026-04-15 04:00:00,2.2,32.2,0.0,3.4,0.0,13.4,40.0,34.0,0.0,14.0,19.4,0.9,6.0,0.1,0.0,0.0,0.0,0.0,8.4,0.0,174.0
2026-04-15 05:00:00,4.2,32.4,6.5,8.0,5.0,14.9,38.0,34.2,0.0,13.9,18.1,3.3,5.3,3.1,0.0,0.0,0.0,0.0,8.2,0.0,195.1
2026-04-15 06:00:00,5.6,30.7,6.7,9.2,8.2,16.0,37.7,36.3,2.9,12.7,15.9,2.8,13.8,6.1,4.5,0.0,5.9,2.5,16.1,0.0,233.6
2026-04-15 07:00:00,7.4,33.5,12.4,11.9,27.8,17.3,35.8,35.4,2.0,16.3,9.7,0.0,14.1,9.5,6.8,0.0,3.3,1.6,15.5,1.9,262.2
2026-04-15 08:00:00,7.4,33.0,13.8,15.7,26.7,17.0,38.9,35.0,5.9,21.3,17.8,7.4,13.9,13.3,10.8,0.0,4.0,14.6,18.2,7.7,322.4
2026-04-15 09:00:00,6.6,32.8,14.8,14.5,13.0,17.1,36.6,35.7,3.6,18.3,17.4,8.3,11.7,10.3,10.2,0.0,3.6,15.8,19.8,5.8,295.9
2026-04-15 10:00:00,10.2,32.7,8.5,13.1,29.5,14.9,35.7,35.2,4.0,20.4,14.8,7.2,9.9,10.7,5.4,0.0,5.9,5.1,18.2,1.2,282.6
2026-04-15 11:00:00,10.4,32.5,6.7,10.1,23.6,12.6,39.2,35.4,2.6,19.3,13.7,6.4,9.3,10.3,1.0,0.0,4.2,7.0,12.8,0.0,257.1
2026-04-15 12:00:00,144.3,99.9,101.5,86.2,139.0,117.2,109.8,106.0,101.6,141.0,104.2,122.6,115.2,135.0,144.2,112.9,129.3,198.2,180.2,174.6,2562.9
2026-04-15 13:00:00,156.6,113.2,133.6,142.1,185.8,149.7,112.0,120.1,142.0,180.4,139.8,162.0,166.0,183.3,195.8,177.7,171.5,221.6,219.9,249.6,3322.7
2026-04-15 14:00:00,175.1,108.9,156.6,156.4,216.7,177.4,130.8,128.4,176.1,224.2,174.9,195.4,182.8,240.7,217.7,222.2,206.4,239.3,243.3,276.7,3850.0
2026-04-15 15:00:00,269.6,160.0,250.4,223.0,282.4,251.8,167.1,174.2,260.5,299.2,240.9,263.1,270.5,413.8,308.3,297.4,292.8,349.6,342.1,374.5,5491.2
2026-04-15 16:00:00,382.0,200.4,338.3,323.5,359.5,366.1,214.5,215.9,331.3,364.2,329.2,362.9,348.4,452.7,384.4,435.1,390.0,457.0,443.6,492.6,7191.6
2026-04-15 17:00:00,618.3,287.5,509.1,422.8,487.6,567.3,304.3,281.7,466.0,466.6,524.4,480.0,427.9,506.7,474.7,581.9,537.9,693.8,589.2,653.7,9881.4
2026-04-15 18:00:00,745.1,342.0,586.1,504.0,578.6,658.8,341.0,322.9,555.8,557.4,651.1,543.1,519.3,574.0,591.9,660.8,600.5,730.7,692.5,797.4,11553.0
2026-04-15 19:00:00,797.3,325.1,619.9,488.7,581.1,674.2,346.3,287.9,526.6,546.5,735.5,529.6,510.6,553.4,551.4,678.2,590.1,644.9,721.4,691.4,11400.1
2026-04-15 20:00:00,635.3,272.4,505.3,435.6,465.5,565.9,270.8,229.0,400.8,410.9,629.9,450.3,439.4,454.8,424.5,574.4,472.2,461.3,500.3,525.6,9124.2
2026-04-15 21:00:00,355.5,183.7,277.7,265.8,293.1,325.1,199.4,195.8,243.1,260.5,359.3,265.2,238.5,280.4,270.7,361.9,284.7,296.8,325.7,323.2,5606.1
2026-04-15 22:00:00,267.9,161.5,219.7,226.6,250.9,252.9,182.4,175.1,207.7,212.2,265.2,212.0,194.6,216.4,216.7,291.0,235.5,222.4,242.4,264.4,4517.5
2026-04-15 23:00:00,246.7,149.3,228.2,232.1,256.4,231.3,168.4,171.3,191.7,195.0,269.2,206.6,203.4,230.1,216.7,280.5,241.9,216.5,232.6,234.3,4402.2
2026-04-16 00:00:00,173.0,92.5,154.7,152.0,163.5,162.9,113.5,113.3,113.3,118.6,201.1,127.3,128.3,143.9,152.3,203.1,158.8,150.0,156.4,163.9,2942.4
2026-04-16 01:00:00,47.0,33.7,53.0,22.4,54.8,54.9,60.0,68.1,21.9,47.0,78.6,40.0,26.8,53.7,48.8,110.4,66.5,77.5,62.3,64.3,1091.7
2026-04-16 02:00:00,103.1,82.4,156.5,136.8,135.3,108.3,100.5,96.9,110.3,130.4,132.3,121.2,115.6,111.2,100.7,144.9,94.0,54.5,122.8,139.9,2297.6
2026-04-16 03:00:00,270.9,158.2,315.9,313.7,358.5,243.2,169.6,165.4,249.5,344.1,258.2,259.3,248.0,227.9,273.2,294.7,217.9,266.2,296.5,331.4,5262.3
2026-04-16 04:00:00,216.0,150.0,202.6,240.5,280.5,192.2,147.4,158.3,212.8,268.9,226.3,197.9,205.8,192.9,209.4,227.1,148.8,215.7,217.9,245.5,4156.5
2026-04-16 05:00:00,22.8,37.5,66.4,19.4,15.3,35.5,43.3,53.7,7.0,22.2,22.7,14.6,31.9,32.8,0.0,15.5,0.0,12.5,21.4,38.5,513.0
2026-04-16 06:00:00,10.3,34.0,3.4,6.5,4.2,26.9,37.0,37.1,5.0,6.1,9.0,12.0,12.0,7.6,0.0,0.0,6.1,8.9,23.8,0.8,250.7
2026-04-16 07:00:00,12.1,33.4,7.2,6.1,8.1,25.0,39.0,37.8,4.1,15.2,11.6,10.4,9.7,9.7,0.0,0.0,20.5,13.7,24.4,8.3,296.3
2026-04-16 08:00:00,4.9,31.0,0.0,9.6,10.5,11.0,37.5,37.3,5.7,10.5,9.2,7.8,9.6,9.9,0.0,0.0,1.9,9.0,21.6,3.2,230.2
2026-04-16 09:00:00,1.8,30.9,1.8,0.0,9.8,12.8,36.2,36.1,3.8,14.3,9.7,7.7,4.2,12.1,3.9,0.0,0.8,5.6,16.5,0.5,208.5
2026-04-16 10:00:00,4.8,32.8,7.3,15.5,24.5,11.0,38.9,36.5,5.4,19.2,12.5,3.5,8.5,8.7,5.5,0.0,3.3,7.0,16.8,8.1,269.8
2026-04-16 11:00:00,5.8,32.2,6.6,15.8,23.9,10.0,35.7,34.3,3.5,15.2,5.3,3.5,9.0,7.7,0.0,0.0,2.0,0.9,14.6,0.1,226.1
2026-04-16 12:00:00,6.0,32.2,4.6,7.9,10.6,11.0,38.5,41.1,6.1,13.7,13.5,0.0,7.1,2.2,0.0,16.6,0.0,10.6,6.7,0.0,228.4
2026-04-16 13:00:00,106.2,92.0,87.1,99.5,108.7,133.6,98.3,104.8,100.5,115.4,118.8,127.1,92.4,110.0,121.7,149.8,139.3,162.0,169.6,153.8,2390.6
2026-04-16 14:00:00,333.5,197.7,304.6,288.3,315.5,324.0,211.6,210.6,321.3,359.2,328.8,326.7,322.9,343.7,354.7,378.2,369.7,401.1,416.5,439.3,6547.9
2026-04-16 15:00:00,443.7,262.9,440.3,388.8,425.7,456.1,293.6,281.1,449.1,463.4,471.1,443.1,408.1,464.6,454.6,536.4,536.8,505.8,591.0,586.2,8902.4
2026-04-16 16:00:00,348.9,216.2,301.9,274.6,331.3,337.3,217.0,224.1,312.4,316.7,319.6,318.4,305.5,349.3,324.1,366.3,331.9,397.3,400.9,388.6,6382.3
2026-04-16 17:00:00,140.5,91.5,120.1,109.6,140.6,142.3,108.8,104.7,115.0,136.2,161.0,138.2,119.8,149.4,139.2,181.9,143.7,196.1,188.6,192.5,2819.7
2026-04-16 18:00:00,15.0,35.3,0.0,0.0,8.6,13.7,46.1,46.5,2.6,13.9,18.8,6.8,8.5,8.6,13.4,63.8,11.8,45.5,37.7,39.6,436.2
2026-04-16 19:00:00,6.2,38.9,0.4,0.8,17.3,12.4,40.2,42.3,5.2,18.6,7.3,5.7,7.8,7.2,0.5,5.9,0.9,0.0,10.3,0.0,227.9
2026-04-16 20:00:00,6.2,32.4,0.0,0.0,7.7,12.0,36.4,38.0,1.6,11.9,9.4,5.2,6.9,10.4,0.0,0.0,1.4,2.7,17.5,0.0,199.7
2026-04-16 21:00:00,4.6,32.3,2.2,5.8,7.9,11.7,34.0,34.2,0.0,12.2,9.7,5.2,6.9,7.8,0.0,0.0,1.1,2.2,16.6,0.0,194.4
2026-04-16 22:00:00,7.7,32.6,6.2,5.3,4.5,11.8,36.0,34.6,2.2,10.7,9.8,4.9,7.6,7.3,0.0,0.0,2.7,0.0,17.0,0.0,200.9
2026-04-16 23:00:00,7.4,30.6,2.5,2.0,0.0,9.0,35.6,34.3,0.0,5.6,6.3,0.0,10.6,6.0,0.0,0.0,0.0,0.7,7.1,0.0,157.7
2026-04-17 00:00:00,2.0,31.0,0.0,1.5,0.0,9.6,38.5,52.8,0.0,0.0,7.7,0.0,2.2,0.0,0.0,0.0,0.0,0.0,0.0,0.0,145.3
2026-04-17 01:00:00,2.0,30.8,0.0,0.0,0.0,10.6,37.1,37.8,0.0,0.0,8.4,0.0,2.4,0.0,0.0,0.0,0.0,2.4,0.0,19.0,150.5
2026-04-17 02:00:00,1.1,30.9,0.0,0.0,0.0,11.7,36.9,34.5,0.0,0.0,7.4,0.0,1.7,0.0,0.0,0.0,0.0,0.0,8.0,0.0,132.2
2026-04-17 03:00:00,3.6,32.7,4.9,0.9,8.6,16.2,39.7,38.6,21.1,0.0,14.3,6.0,7.8,17.1,0.0,17.6,0.0,20.5,26.6,30.8,307.0
2026-04-17 04:00:00,2.4,31.4,0.7,5.9,19.7,10.4,38.3,33.5,1.4,7.9,8.6,0.0,13.3,0.0,0.0,0.0,0.0,0.6,13.3,0.0,187.4
2026-04-17 05:00:00,0.8,31.5,2.0,7.4,22.1,17.2,39.0,41.7,2.0,8.6,24.9,0.1,13.9,3.9,1.4,41.3,0.0,2.8,13.7,7.7,282.0
2026-04-17 06:00:00,48.3,55.4,54.9,56.4,52.4,61.2,70.2,82.4,38.9,46.4,73.7,48.9,37.7,21.2,38.3,117.5,61.5,62.0,54.0,69.1,1150.4
2026-04-17 07:00:00,88.8,72.4,101.7,96.3,88.8,93.0,82.4,82.8,62.2,71.0,102.2,79.9,81.7,77.9,77.2,164.9,91.7,103.0,89.2,94.6,1801.7
2026-04-17 08:00:00,309.1,166.4,330.6,314.0,296.7,307.3,178.4,179.7,271.7,303.0,353.4,290.5,271.6,287.1,271.1,380.4,314.4,273.4,313.1,306.3,5718.2
2026-04-17 09:00:00,160.3,91.0,175.5,167.2,175.0,165.4,94.6,93.7,136.5,147.0,183.4,146.3,104.9,142.6,129.3,199.2,150.8,144.2,121.5,147.6,2876.0
2026-04-17 10:00:00,13.6,42.1,37.2,22.0,26.0,18.6,49.8,49.3,11.8,30.6,29.1,13.3,14.6,43.6,20.0,47.9,20.3,26.5,19.4,41.8,577.5
2026-04-17 11:00:00,9.9,33.9,1.3,8.6,16.0,17.0,40.3,38.5,3.5,20.1,12.5,6.6,9.7,9.8,0.7,0.0,13.4,15.6,19.1,6.9,283.4
2026-04-17 12:00:00,11.0,33.9,0.0,7.8,12.8,24.1,41.6,38.4,4.1,23.2,17.3,6.9,7.1,10.0,0.3,0.0,16.5,14.0,18.4,5.4,292.8
2026-04-17 13:00:00,10.6,31.5,0.0,7.6,13.4,14.0,40.0,38.5,5.2,18.9,5.3,5.9,7.4,9.2,0.0,0.0,12.9,10.0,16.3,4.8,251.5
2026-04-17 14:00:00,11.2,43.1,34.7,5.7,26.0,10.5,42.6,49.8,13.8,18.8,22.3,13.8,12.9,12.6,14.2,19.2,13.2,25.9,17.1,10.9,418.3
2026-04-17 15:00:00,7.4,30.5,0.0,0.0,15.9,9.0,38.4,37.9,1.3,17.2,5.1,1.9,10.1,7.1,0.0,0.0,9.8,15.4,17.9,6.0,230.9
2026-04-17 16:00:00,23.5,44.8,0.0,0.0,8.3,14.9,46.1,53.1,2.8,17.7,29.7,1.8,11.9,7.1,0.1,95.9,9.8,15.4,18.4,35.2,436.5
2026-04-17 17:00:00,68.7,70.8,34.4,47.6,54.2,75.2,78.6,88.3,33.2,39.2,105.5,53.5,29.1,37.6,84.2,147.3,52.2,62.4,67.4,102.9,1332.3
2026-04-17 18:00:00,178.4,131.5,109.5,149.0,133.0,188.0,143.5,132.2,120.7,118.6,220.7,148.4,120.1,120.9,155.1,298.5,138.8,141.1,147.5,176.2,3071.7
2026-04-17 19:00:00,245.6,153.3,178.3,219.0,225.5,220.7,163.9,156.9,206.9,185.1,257.5,225.9,211.8,191.3,212.2,358.7,214.9,169.0,199.3,236.8,4232.6
2026-04-17 20:00:00,273.5,186.5,239.2,233.9,252.4,269.9,182.2,176.7,219.1,224.5,313.2,214.4,228.9,228.5,212.2,377.0,228.9,191.8,209.5,226.5,4688.8
2026-04-17 21:00:00,325.4,193.9,324.6,320.9,344.6,331.5,215.7,202.2,293.1,311.0,391.6,291.2,285.1,315.6,282.7,555.2,340.7,239.4,310.6,319.5,6194.5
2026-04-17 22:00:00,462.0,230.3,416.7,442.1,453.1,440.7,275.3,235.7,395.3,388.5,539.1,406.1,402.9,394.1,335.6,721.7,453.0,338.5,398.0,416.3,8145.0
2026-04-17 23:00:00,706.5,384.7,664.1,648.4,657.6,704.2,394.2,373.4,617.3,581.4,856.9,604.4,596.2,586.9,552.2,1041.8,652.7,506.4,640.9,718.2,12488.4
2026-04-18 00:00:00,939.7,453.8,860.5,813.1,802.6,945.2,492.1,457.2,778.7,771.9,1203.6,788.3,751.9,810.1,724.5,1398.2,910.0,796.2,878.8,995.8,16572.2
2026-04-18 01:00:00,1187.7,558.0,1051.9,1023.4,1027.7,1166.2,628.8,576.8,987.1,1001.7,1407.2,969.6,1024.2,1075.0,957.5,1611.7,1212.9,963.8,1099.3,1208.3,20738.8
2026-04-18 02:00:00,1310.7,611.7,1241.0,1180.3,1178.7,1293.5,712.3,641.2,1146.7,1152.5,1478.9,1128.7,1159.9,1181.9,1099.1,1710.2,1367.9,1091.4,1217.9,1331.3,23235.8
2026-04-18 03:00:00,1138.0,558.0,971.5,1020.8,1044.2,1126.1,595.2,582.2,957.1,980.0,1293.8,949.2,949.0,1045.9,930.6,1430.5,1083.5,844.5,1027.1,1214.1,19741.3
2026-04-18 04:00:00,1063.8,516.9,952.4,931.0,1012.3,1004.9,576.5,510.2,899.2,911.6,1207.9,872.1,907.6,978.0,927.5,1488.8,1118.4,889.0,1000.6,1082.2,18850.9
2026-04-18 05:00:00,1063.8,493.8,906.7,892.9,944.2,1004.9,546.5,481.3,860.1,878.4,1184.8,845.6,854.2,892.1,929.1,1548.5,1115.0,845.6,900.8,1082.3,18270.6
2026-04-18 06:00:00,931.9,433.9,817.3,776.9,815.5,870.5,483.5,414.8,772.3,754.0,1030.4,720.5,665.2,780.4,771.7,1385.3,892.0,786.4,835.9,933.1,15871.5
2026-04-18 07:00:00,735.8,372.0,660.1,680.5,690.3,713.1,375.5,342.1,655.8,636.3,835.5,619.2,562.8,669.0,606.4,1084.9,807.0,643.3,703.1,826.7,13219.4
2026-04-18 08:00:00,658.9,347.0,580.6,631.0,578.2,647.2,359.0,351.4,548.2,551.7,745.1,547.7,535.0,603.2,491.0,789.0,637.3,636.8,578.1,660.6,11477.0
2026-04-18 09:00:00,459.7,261.5,412.5,423.9,420.1,474.7,253.7,257.8,402.8,402.7,548.0,418.2,399.6,433.8,433.5,547.4,480.0,491.9,464.9,521.8,8508.5
2026-04-18 10:00:00,287.1,191.7,231.3,259.9,280.8,282.1,181.4,166.3,232.7,258.1,359.7,256.5,234.8,274.3,253.9,362.1,289.1,316.7,271.1,300.3,5289.9
2026-04-18 11:00:00,376.6,214.6,319.0,324.4,324.9,359.8,214.6,213.8,297.5,298.7,437.9,302.6,289.9,327.2,309.0,431.7,347.3,353.6,324.4,369.6,6437.1
2026-04-18 12:00:00,713.7,302.4,568.2,516.7,486.2,651.4,335.9,320.7,502.1,488.5,753.0,488.7,445.7,529.1,455.7,705.8,606.0,650.1,587.2,614.3,10721.4
2026-04-18 13:00:00,877.9,370.6,734.8,644.1,602.7,798.1,408.0,375.6,623.9,585.4,872.4,625.1,574.0,650.3,587.8,854.9,769.4,790.2,705.0,790.6,13240.8
2026-04-18 14:00:00,1157.4,519.7,903.0,799.6,787.9,1013.1,513.1,486.9,800.5,835.4,1099.2,815.9,755.6,835.6,791.1,1013.1,988.0,1043.8,955.7,975.9,17090.5
2026-04-18 15:00:00,769.9,351.5,678.3,568.6,589.4,681.2,380.9,356.5,567.1,573.3,757.2,582.9,506.1,607.0,590.5,767.9,665.3,747.2,719.4,792.2,12252.4
2026-04-18 16:00:00,728.0,328.0,642.3,501.4,542.0,632.7,341.4,310.2,532.9,541.5,695.6,530.5,484.7,578.3,564.8,709.7,638.4,758.5,676.2,776.9,11514.0
2026-04-18 17:00:00,459.8,204.9,404.0,319.0,340.7,387.1,205.3,199.0,314.3,347.6,445.6,322.2,330.7,363.1,380.7,440.6,378.9,445.9,451.9,480.3,7221.6
2026-04-18 18:00:00,206.2,100.9,153.6,115.4,163.6,176.7,105.1,102.4,117.1,152.4,181.5,159.2,131.4,178.8,179.0,192.1,167.7,206.5,209.9,206.1,3205.6
2026-04-18 19:00:00,9.9,32.3,0.0,0.0,0.0,7.4,40.2,38.7,0.1,10.3,10.0,4.2,4.9,3.6,0.0,2.7,0.0,0.8,7.4,0.6,173.1
2026-04-18 20:00:00,6.4,32.8,0.0,2.7,0.2,11.3,36.0,34.8,1.0,11.4,10.1,5.5,4.1,8.8,0.0,0.0,0.0,0.0,16.5,0.0,181.6
2026-04-18 21:00:00,6.4,31.6,0.0,0.0,0.0,16.7,37.5,38.4,0.0,4.3,8.9,3.4,5.2,6.8,0.0,0.0,0.9,0.0,9.5,0.0,169.6
2026-04-18 22:00:00,5.9,31.0,0.0,0.0,0.0,17.9,40.0,38.4,0.0,5.6,5.1,1.9,5.2,0.9,0.0,0.0,0.0,0.0,9.9,0.0,161.8
2026-04-18 23:00:00,5.0,30.7,0.0,0.0,0.0,17.4,35.2,34.0,0.0,5.9,3.9,2.1,6.3,3.1,0.0,0.0,1.9,0.0,15.4,0.0,160.9
2026-04-19 00:00:00,4.7,32.5,0.0,8.1,4.4,12.2,37.2,33.3,1.0,9.7,0.0,4.3,6.2,6.7,0.0,0.0,1.9,0.0,19.6,0.0,181.8
2026-04-19 01:00:00,2.9,32.3,0.0,8.7,9.3,10.4,37.5,32.8,0.3,9.7,8.9,7.3,6.5,6.7,0.0,0.0,1.7,4.3,22.1,0.5,201.9
2026-04-19 02:00:00,1.9,33.3,0.6,3.2,6.4,10.0,35.8,34.4,0.0,8.8,8.5,5.4,6.8,4.9,0.0,0.0,2.1,1.1,19.6,0.0,182.8
2026-04-19 03:00:00,0.3,32.8,0.9,9.2,9.5,10.1,36.8,35.1,0.0,10.2,10.0,6.9,6.9,4.5,0.0,0.0,4.0,3.1,19.7,2.2,202.2
2026-04-19 04:00:00,1.3,31.2,2.6,5.9,6.2,10.0,36.7,35.9,5.4,11.2,6.3,8.5,6.8,6.4,0.0,0.0,0.6,11.5,22.4,6.6,215.5
2026-04-19 05:00:00,1.4,32.5,1.4,17.3,22.1,11.0,36.2,35.9,5.7,14.8,4.0,8.6,10.9,6.4,2.0,0.0,1.7,12.0,22.4,9.6,255.9
2026-04-19 06:00:00,2.0,32.2,2.9,15.2,27.3,10.9,34.2,36.4,6.6,15.2,1.6,6.4,12.6,8.5,1.3,12.9,2.8,12.6,21.3,9.8,272.7
2026-04-19 07:00:00,5.5,38.1,0.0,7.6,22.8,11.9,40.5,42.8,3.4,12.9,29.1,6.4,8.7,8.6,0.5,52.3,16.0,8.8,17.9,9.3,343.1
2026-04-19 08:00:00,14.2,42.6,0.0,5.7,7.9,8.4,39.2,48.1,0.1,7.5,18.4,3.8,5.7,6.5,1.8,52.0,10.6,16.3,12.1,10.8,311.7
2026-04-19 09:00:00,0.0,29.3,0.0,0.0,0.0,5.6,35.8,36.7,0.0,7.3,0.0,0.0,3.8,0.0,0.0,1.5,8.7,0.0,12.3,2.4,143.4
2026-04-19 10:00:00,3.9,31.6,7.1,15.2,28.3,10.1,35.1,35.5,4.8,9.8,0.0,0.2,10.5,4.8,0.0,0.0,0.0,0.0,14.2,0.0,211.1
2026-04-19 11:00:00,0.3,32.4,2.5,13.2,17.0,10.6,37.3,34.0,0.0,14.3,13.9,0.0,13.4,0.0,0.0,0.0,0.0,0.0,4.2,0.0,193.1
2026-04-19 12:00:00,0.0,43.6,0.9,10.5,6.2,10.2,41.1,54.1,3.1,30.5,14.3,0.7,6.4,4.6,0.0,0.0,0.0,0.1,8.9,12.9,248.1
2026-04-19 13:00:00,0.8,36.7,0.4,7.1,3.4,6.3,37.6,39.7,1.0,26.4,11.6,0.0,6.3,6.0,12.4,5.2,0.0,0.1,9.4,31.3,241.7
2026-04-19 14:00:00,50.5,45.9,60.3,43.0,56.7,64.2,53.2,63.0,47.6,83.2,62.6,65.5,55.8,55.1,69.7,86.7,39.7,66.7,85.3,55.9,1210.6
2026-04-19 15:00:00,164.0,98.9,122.7,133.9,192.3,171.2,87.7,104.4,152.8,184.1,162.4,161.7,164.9,167.1,205.2,236.7,152.0,193.2,215.0,233.0,3303.2
2026-04-19 16:00:00,187.6,125.6,167.6,175.5,192.5,197.6,132.9,129.8,204.0,204.4,188.2,202.8,203.8,210.0,233.3,253.6,180.4,217.4,267.4,269.9,3944.3
2026-04-19 17:00:00,106.3,97.6,75.9,85.3,106.7,108.5,84.6,96.5,97.6,112.7,110.0,98.4,116.5,118.3,133.2,156.0,113.0,156.1,162.9,167.5,2303.6
2026-04-19 18:00:00,43.3,58.9,0.0,0.0,14.3,28.4,62.1,58.7,0.0,14.9,14.5,8.2,11.6,10.0,24.3,47.8,11.4,51.9,41.7,35.5,537.5
2026-04-19 19:00:00,3.9,32.6,0.0,2.1,0.7,11.1,34.2,34.3,0.5,9.2,9.7,4.5,2.6,3.3,0.0,0.0,0.0,0.0,11.6,0.0,160.3
2026-04-19 20:00:00,7.1,35.7,0.0,1.6,9.0,18.0,37.8,37.5,4.9,10.8,13.7,8.2,4.6,8.6,0.0,0.0,5.0,0.0,19.1,0.0,221.6
2026-04-19 21:00:00,7.8,33.5,0.0,7.1,8.4,17.0,41.3,36.0,7.4,13.7,11.8,12.1,6.6,11.0,0.0,0.0,16.3,6.9,20.6,2.1,259.6
2026-04-19 22:00:00,6.9,33.3,0.0,0.0,5.4,19.1,37.0,36.8,4.7,12.5,9.8,11.6,6.3,7.5,0.0,0.0,14.4,3.9,18.1,0.0,227.3
2026-04-19 23:00:00,4.7,32.4,0.0,4.1,0.5,17.2,35.5,34.1,0.0,8.7,4.8,7.0,7.2,6.6,0.0,0.0,2.4,0.0,18.7,0.0,183.9
2026-04-20 00:00:00,4.5,32.2,0.0,6.7,3.0,17.2,36.8,33.3,0.0,8.9,5.5,6.6,6.5,3.2,0.0,0.0,4.7,0.0,18.7,0.0,187.8
2026-04-20 01:00:00,1.0,31.6,0.0,6.7,0.0,14.0,36.3,37.6,0.0,4.5,1.2,4.8,5.9,2.5,0.0,0.0,2.1,0.0,14.4,0.0,162.6
2026-04-20 02:00:00,4.2,39.5,7.7,5.9,16.3,31.7,50.9,54.3,31.6,21.9,39.7,19.1,8.1,31.3,19.6,41.7,0.0,22.2,39.1,57.4,542.2
2026-04-20 03:00:00,1.6,32.1,2.8,11.3,9.8,9.6,41.7,38.9,0.8,7.4,6.3,5.4,9.3,3.7,1.5,41.5,0.8,2.5,25.4,32.1,284.5
2026-04-20 04:00:00,2.6,32.0,2.8,7.7,5.3,9.7,41.7,42.4,0.9,6.6,6.3,4.5,9.3,3.7,0.0,0.0,0.5,1.1,13.2,5.8,196.1
2026-04-20 05:00:00,3.5,32.5,4.4,4.1,5.3,11.3,36.6,34.4,0.0,8.0,8.0,5.7,7.5,4.4,0.0,0.0,0.3,1.5,16.0,0.0,183.5
2026-04-20 06:00:00,4.8,31.0,6.3,8.9,0.6,13.7,36.8,43.8,5.8,12.3,6.2,9.2,6.4,5.7,0.0,0.0,4.0,15.6,24.2,6.5,241.8
2026-04-20 07:00:00,5.9,45.0,0.0,9.2,8.7,14.3,40.2,43.9,5.8,12.9,1.3,8.9,8.2,9.6,0.0,0.0,3.7,4.5,22.7,1.7,246.5
2026-04-20 08:00:00,8.7,31.6,0.0,4.6,11.5,18.3,38.4,36.0,0.0,5.7,3.8,7.7,6.6,9.2,0.0,0.0,2.7,0.0,16.2,0.0,201.0
2026-04-20 09:00:00,6.0,57.5,6.9,1.2,21.4,16.8,57.9,57.6,9.1,36.9,14.3,13.9,13.9,5.1,29.9,21.1,0.0,21.5,50.0,47.1,488.1
2026-04-20 10:00:00,185.0,125.4,186.5,159.9,201.3,195.7,122.0,119.7,188.6,190.2,204.4,211.0,159.4,198.4,182.7,233.2,166.7,193.3,229.2,252.3,3704.9
2026-04-20 11:00:00,203.0,136.7,234.4,199.7,219.0,195.8,140.7,136.1,225.7,212.2,229.9,228.2,192.2,231.9,241.9,276.3,231.6,237.4,288.0,281.0,4341.7
2026-04-20 12:00:00,656.1,341.7,632.0,602.3,674.1,669.3,346.9,345.3,649.6,618.6,666.2,652.5,549.5,645.6,594.9,730.7,708.7,629.7,742.9,827.7,12284.3
2026-04-20 13:00:00,1368.5,875.1,1362.1,1299.7,1380.1,1468.8,837.3,830.0,1421.8,1380.6,1391.2,1383.9,1416.9,1541.0,1524.2,1713.1,1600.2,1297.0,1541.3,1688.9,27321.7
2026-04-20 14:00:00,2278.6,1595.8,2156.5,2065.9,2093.8,2348.3,1652.6,1716.1,2144.2,2177.1,2239.3,2104.4,2207.1,2332.3,2262.1,2370.7,2319.5,2265.0,2385.5,2415.2,43130.0
2026-04-20 15:00:00,2428.9,1659.7,2240.8,2074.0,2224.0,2383.2,1607.4,1727.5,2236.9,2277.3,2265.8,2149.2,2276.0,2326.8,2337.4,2473.5,2531.1,2407.2,2429.4,2467.4,44523.5
2026-04-20 16:00:00,2241.7,1500.7,2156.0,1935.0,2036.5,2162.9,1436.2,1499.9,2052.0,2087.2,2005.9,1941.3,2097.5,2211.6,2168.3,2238.6,2350.8,2281.0,2252.5,2377.9,41033.5
2026-04-20 17:00:00,2009.9,1331.0,1944.4,1751.6,1776.0,1994.4,1260.2,1291.1,1859.6,1853.5,1825.2,1785.2,1894.5,1982.3,1952.0,2084.7,2149.0,2080.4,2068.1,2133.9,37027.0
2026-04-20 18:00:00,2023.6,1349.7,1878.2,1713.6,1772.5,2054.2,1283.3,1289.4,1786.8,1847.8,1782.2,1808.2,1872.7,1969.3,1951.5,2069.1,2135.1,2137.6,2066.1,2109.3,36900.2
2026-04-20 19:00:00,2242.6,1430.8,1999.1,1831.6,1960.0,2170.1,1342.0,1423.0,1957.6,1979.3,1895.5,1934.5,2083.0,2164.5,2151.8,2195.4,2278.5,2224.6,2238.7,2236.1,39738.7
2026-04-20 20:00:00,2124.8,1394.0,1902.1,1709.0,1808.2,2006.5,1345.0,1375.1,1791.6,1897.3,1850.1,1783.3,1894.7,2002.5,1923.5,2035.6,2251.4,2148.9,2054.7,2174.4,37472.7
2026-04-20 21:00:00,2058.7,1262.3,1787.1,1543.7,1645.5,1882.2,1205.7,1251.8,1687.1,1754.2,1688.8,1655.3,1777.1,1978.8,1836.0,2004.5,2015.0,2013.3,1921.2,2035.7,35004.0
2026-04-20 22:00:00,1814.6,1007.8,1527.3,1267.2,1400.8,1674.6,955.5,1033.3,1445.5,1475.7,1526.7,1380.5,1453.6,1604.8,1575.6,1751.5,1752.8,1716.1,1683.9,1773.8,29821.6
2026-04-20 23:00:00,1530.7,799.1,1207.1,1040.7,1168.2,1408.7,762.3,772.4,1105.4,1157.1,1334.1,1123.8,1090.9,1334.7,1223.2,1360.9,1330.2,1446.5,1358.0,1461.0,24015.0
2026-04-21 00:00:00,1103.9,515.8,966.3,772.1,801.0,969.9,525.0,539.1,786.5,796.9,1027.0,751.9,738.9,862.5,716.7,1016.8,912.8,1004.6,879.1,1013.1,16699.9
2026-04-21 01:00:00,792.6,352.9,583.5,497.1,482.2,675.4,378.0,368.3,512.6,512.5,761.2,514.1,471.3,581.2,500.3,692.6,674.4,676.8,601.4,674.3,11302.7
2026-04-21 02:00:00,530.4,252.1,366.1,343.2,378.9,449.9,275.8,249.3,354.4,367.9,502.0,364.3,356.3,399.8,359.8,414.7,382.4,443.7,414.5,457.0,7662.5
2026-04-21 03:00:00,365.0,193.2,234.8,227.8,263.6,297.5,196.6,183.2,212.9,236.9,353.2,249.7,250.8,268.0,248.1,315.2,243.8,291.7,276.7,315.1,5223.8
2026-04-21 04:00:00,314.2,169.0,257.2,242.9,261.2,289.1,191.3,174.5,217.8,235.9,354.1,251.7,232.9,266.7,246.5,301.8,297.0,260.9,264.6,299.2,5128.5
2026-04-21 05:00:00,193.0,145.3,193.9,199.9,203.9,217.7,154.7,144.8,173.4,200.4,292.0,187.1,174.3,205.9,195.7,273.6,223.5,193.6,203.9,222.6,3999.2
2026-04-21 06:00:00,209.0,142.4,181.2,204.7,203.0,211.5,147.7,126.9,189.3,178.1,280.1,187.5,152.3,188.9,177.0,246.1,208.6,169.6,173.1,181.0,3758.0
2026-04-21 07:00:00,214.2,127.3,221.2,189.6,194.2,217.2,137.6,119.4,158.7,175.3,248.9,171.8,164.1,177.9,174.5,264.0,230.2,204.4,181.4,181.8,3753.7
2026-04-21 08:00:00,139.3,95.6,149.4,126.2,68.0,148.8,99.0,91.2,91.7,102.0,177.0,107.9,86.6,90.1,88.3,178.2,152.3,143.3,90.7,102.5,2328.1
2026-04-21 09:00:00,32.8,53.1,63.6,30.8,24.5,38.0,54.0,52.5,18.9,29.2,45.2,15.7,9.2,12.0,42.2,46.6,52.4,35.1,11.3,17.3,684.4
2026-04-21 10:00:00,13.3,33.8,12.8,23.4,7.1,16.5,38.4,32.8,4.2,18.0,28.1,8.0,11.8,10.4,7.0,2.0,2.9,16.1,12.4,0.0,299.0
2026-04-21 11:00:00,10.9,31.7,7.2,15.4,16.5,9.9,35.8,34.3,0.0,13.5,12.6,7.8,0.0,7.2,12.5,1.1,12.2,7.7,46.3,0.0,282.6
2026-04-21 12:00:00,9.0,43.4,2.1,0.0,0.0,13.7,31.0,45.5,5.6,14.1,35.7,10.3,1.5,10.9,2.0,0.5,16.6,1.3,39.5,0.0,282.7
2026-04-21 13:00:00,15.5,52.3,50.4,3.6,25.6,35.7,45.6,62.9,26.8,41.3,46.2,36.1,2.8,24.6,53.3,54.6,73.8,76.2,96.8,41.1,865.2
2026-04-21 14:00:00,85.1,75.2,119.9,68.3,78.8,94.3,84.3,91.7,86.7,122.5,109.9,110.7,79.0,109.4,155.9,145.2,118.2,150.4,153.9,151.0,2190.4
2026-04-21 15:00:00,155.9,107.8,219.9,131.5,195.0,194.3,107.8,117.9,170.7,194.4,219.4,206.4,153.6,238.2,218.8,248.1,218.5,182.7,207.3,242.9,3731.1
2026-04-21 16:00:00,186.8,100.9,235.2,154.6,199.5,199.9,108.7,122.8,176.2,209.3,222.0,213.0,159.6,271.1,234.6,250.8,211.4,253.5,244.3,267.1,4021.3
2026-04-21 17:00:00,105.7,95.8,136.6,82.4,134.2,137.3,101.5,107.8,104.6,149.4,158.1,145.0,94.1,150.8,143.3,189.9,143.8,186.1,158.0,190.5,2714.9
2026-04-21 18:00:00,76.0,63.8,63.1,28.1,76.4,86.5,60.1,77.1,44.6,71.0,77.5,87.2,34.7,63.9,75.7,120.0,91.0,110.2,87.6,96.6,1491.1
2026-04-21 19:00:00,10.4,33.2,11.3,13.1,4.9,11.5,42.2,42.9,7.9,13.5,21.7,6.8,13.1,10.3,13.3,8.2,10.8,12.4,13.8,12.3,313.6
2026-04-21 20:00:00,10.2,33.7,11.5,17.1,13.8,18.5,38.3,35.5,8.2,21.1,20.7,6.3,14.3,9.9,4.6,0.4,8.4,9.1,13.3,1.2,296.1
2026-04-21 21:00:00,10.0,33.6,7.1,7.2,1.7,17.2,37.2,34.4,5.5,12.5,15.5,9.2,9.9,10.8,0.0,0.0,10.2,9.3,20.9,0.2,252.4
2026-04-21 22:00:00,6.2,30.0,8.2,15.0,8.8,15.2,35.2,34.9,12.7,16.4,15.7,14.3,12.2,11.8,8.6,0.0,18.6,21.2,21.0,7.3,313.3
2026-04-21 23:00:00,7.6,36.7,4.7,7.0,5.7,16.9,37.1,42.8,8.7,19.4,13.3,8.3,11.0,10.2,7.6,2.3,24.3,19.3,21.5,8.8,313.2
2026-04-22 00:00:00,7.6,38.0,22.6,8.3,10.5,16.6,48.2,42.9,9.9,15.6,17.5,7.1,9.7,10.2,7.7,19.9,26.7,21.7,15.7,8.6,365.0
2026-04-22 01:00:00,57.2,65.2,69.9,52.5,45.6,60.3,69.1,70.4,31.9,40.8,74.6,36.2,42.0,43.6,38.2,95.1,69.8,38.2,24.3,41.7,1066.6
2026-04-22 02:00:00,144.6,88.9,142.5,144.3,139.1,152.9,88.1,90.4,103.4,102.5,178.2,106.6,112.9,95.3,125.4,174.3,150.9,125.7,102.9,120.0,2488.9
2026-04-22 03:00:00,139.8,103.6,156.7,144.8,154.1,151.9,117.1,95.2,102.1,127.5,181.7,140.4,104.3,138.1,126.8,188.3,169.0,138.0,113.0,148.9,2741.3
2026-04-22 04:00:00,136.9,107.8,154.8,151.6,150.5,150.5,97.5,101.1,112.8,142.2,183.3,140.1,113.6,121.1,136.0,179.4,173.0,129.4,119.6,145.7,2746.9
2026-04-22 05:00:00,125.2,83.8,99.5,90.2,112.7,136.1,82.5,87.1,66.7,71.6,171.4,102.7,60.5,82.5,97.5,178.5,148.7,101.9,93.2,121.9,2114.2
2026-04-22 06:00:00,90.7,70.1,72.4,58.6,98.3,108.3,72.8,67.2,38.3,51.8,152.7,84.3,22.0,58.3,56.7,154.1,100.8,72.6,6.9,56.0,1492.9
2026-04-22 07:00:00,208.0,95.9,201.4,157.4,177.2,218.1,101.0,100.1,138.4,105.1,238.0,174.5,151.2,234.2,157.0,255.1,197.5,183.6,107.2,173.3,3374.2
2026-04-22 08:00:00,400.7,219.1,347.8,341.7,337.7,382.9,233.0,210.9,314.7,289.4,477.7,341.9,382.8,484.2,373.3,384.8,420.8,415.6,444.5,411.2,7214.7
2026-04-22 09:00:00,400.9,201.3,383.9,373.7,333.6,407.0,213.0,203.8,313.8,299.8,487.2,337.1,302.2,444.7,338.7,423.9,435.9,360.5,346.4,304.3,6911.7
2026-04-22 10:00:00,358.3,224.7,342.6,326.3,374.8,363.5,253.2,239.1,332.0,315.0,372.9,314.4,298.3,447.7,250.0,499.2,327.1,293.9,242.4,233.4,6408.8
2026-04-22 11:00:00,398.5,255.6,368.0,330.9,408.1,430.6,265.8,265.4,296.5,265.9,476.0,331.9,304.2,395.2,283.3,459.0,468.4,375.1,329.0,289.1,6996.5
2026-04-22 12:00:00,632.1,269.6,410.5,441.7,604.1,570.7,268.3,312.4,394.1,367.7,566.6,403.4,489.2,441.5,396.3,548.5,625.7,487.2,436.3,504.7,9170.6
2026-04-22 13:00:00,649.2,342.4,575.2,598.9,571.0,554.6,322.5,339.2,470.3,517.4,606.1,486.1,555.3,485.3,467.3,466.6,587.9,489.6,458.0,485.9,10028.8
2026-04-22 14:00:00,615.3,326.3,559.9,570.0,520.1,562.0,323.1,344.9,493.0,530.6,573.7,487.5,512.6,462.8,446.1,501.7,543.4,419.9,460.9,484.6,9738.4
2026-04-22 15:00:00,463.2,226.5,322.7,378.7,407.0,347.1,214.3,219.3,349.1,392.8,421.1,358.9,332.8,349.3,345.6,375.5,369.3,350.4,351.8,328.2,6903.6
2026-04-22 16:00:00,349.4,167.4,308.0,254.9,292.1,288.4,167.8,173.3,268.2,271.4,279.4,260.0,245.0,229.1,203.5,287.5,266.4,271.8,231.1,219.0,5033.7
2026-04-22 17:00:00,178.3,105.4,121.7,111.9,124.7,130.3,113.9,113.0,104.2,114.7,164.6,121.8,89.3,102.4,96.8,169.7,113.6,100.9,94.7,103.8,2375.7
2026-04-22 18:00:00,222.4,117.2,166.4,176.2,211.6,186.8,143.6,131.3,146.4,151.1,215.2,176.0,124.3,162.6,159.2,234.3,170.2,165.7,154.9,187.0,3402.4
2026-04-22 19:00:00,368.5,173.8,285.8,244.4,286.7,294.0,187.5,179.5,220.2,219.0,335.0,271.8,240.4,270.3,247.3,341.1,277.6,268.8,293.6,303.8,5309.1
2026-04-22 20:00:00,618.7,330.2,478.7,451.5,488.3,529.9,295.6,279.9,388.2,418.0,613.3,438.8,445.2,480.3,460.3,543.6,511.8,540.9,520.1,549.2,9382.5
2026-04-22 21:00:00,726.4,356.6,615.6,503.4,538.4,701.4,346.3,310.6,504.3,520.1,747.2,522.7,491.3,631.9,522.1,687.8,676.8,611.3,580.9,625.3,11220.4
2026-04-22 22:00:00,1177.7,555.5,930.0,923.1,899.9,1132.3,559.0,498.2,864.3,889.2,1205.3,911.0,958.5,1099.1,928.2,1241.7,1210.9,990.9,973.1,1021.3,18969.2
2026-04-22 23:00:00,1666.9,903.0,1410.3,1394.2,1294.5,1669.6,892.5,829.7,1366.9,1320.1,1633.8,1297.8,1426.3,1559.8,1368.8,1744.9,1640.6,1520.0,1487.2,1588.9,28015.8
2026-04-23 00:00:00,2020.9,1080.1,1727.0,1829.5,1666.4,1951.2,1111.5,1121.2,1713.6,1679.2,1866.5,1731.2,1824.7,1922.4,1763.9,2121.3,2061.7,1902.4,1838.1,1975.2,34908.0
2026-04-23 01:00:00,1881.8,1006.7,1550.8,1681.2,1544.7,1803.6,1042.6,1004.6,1542.7,1497.2,1822.1,1616.4,1679.1,1834.5,1703.1,2059.3,1964.7,1779.8,1723.6,1826.2,32564.7
2026-04-23 02:00:00,1801.1,1026.9,1522.4,1667.3,1532.4,1863.8,1045.9,992.1,1530.9,1493.4,1862.5,1644.1,1658.3,1844.0,1747.5,2061.5,2030.9,1732.9,1747.4,1868.9,32674.2
2026-04-23 03:00:00,1784.1,1027.3,1523.9,1661.8,1557.0,1867.6,1099.3,1005.9,1588.7,1535.4,1863.8,1647.1,1728.9,1836.2,1751.9,2099.6,2043.7,1656.9,1709.4,1927.2,32915.7
2026-04-23 04:00:00,1683.9,962.3,1437.8,1590.0,1414.6,1782.7,983.8,904.3,1487.2,1475.1,1775.6,1567.7,1615.2,1754.6,1638.4,2035.8,1866.0,1674.4,1644.8,1768.8,31063.0
2026-04-23 05:00:00,1614.9,899.0,1412.7,1535.8,1407.1,1773.1,953.2,897.8,1449.1,1427.4,1760.3,1510.9,1618.1,1740.5,1564.3,1999.7,1765.2,1634.1,1675.9,1689.2,30328.3
2026-04-23 06:00:00,1387.6,812.9,1258.5,1344.5,1219.7,1641.6,881.6,808.6,1315.0,1265.5,1715.2,1390.7,1434.4,1541.9,1393.3,1812.1,1591.6,1518.1,1497.6,1484.5,27314.9
2026-04-23 07:00:00,1473.9,770.9,1149.6,1250.3,1130.4,1487.5,790.1,708.6,1165.9,1171.7,1595.2,1231.4,1142.8,1377.7,1169.0,1644.0,1451.5,1446.0,1289.2,1372.7,24818.4
2026-04-23 08:00:00,1296.8,642.0,1017.2,1112.3,1010.7,1329.6,669.1,595.4,1035.4,1001.3,1417.3,1133.9,1034.7,1173.4,1052.4,1430.6,1292.9,1225.0,1124.3,1271.4,21865.7
2026-04-23 09:00:00,1126.6,605.7,924.3,991.4,891.0,1184.2,582.9,545.8,885.9,871.5,1275.6,951.0,904.7,1010.8,899.6,1263.6,1147.2,1036.4,943.4,1095.1,19136.7
2026-04-23 10:00:00,1106.0,524.8,849.6,893.8,796.5,1115.0,556.0,462.0,813.1,767.2,1148.2,917.1,783.6,947.5,816.2,1171.8,1045.7,1069.0,875.0,982.5,17640.6
2026-04-23 11:00:00,980.2,470.0,792.4,795.9,698.3,916.1,508.9,466.0,714.6,691.6,1008.4,784.7,692.9,829.9,726.2,996.7,948.4,944.9,786.4,857.1,15609.6
2026-04-23 12:00:00,872.6,422.8,735.1,656.6,619.3,780.5,467.9,421.0,615.4,583.5,871.0,725.4,639.0,824.7,660.3,913.5,867.0,878.2,779.4,743.1,14076.3
2026-04-23 13:00:00,867.0,381.9,804.9,721.7,627.5,764.4,416.5,399.0,609.9,581.3,826.9,654.9,623.5,749.6,650.5,932.0,932.3,825.4,767.0,788.6,13924.8
2026-04-23 14:00:00,1029.4,543.1,855.6,835.2,855.5,958.5,494.3,519.7,820.2,828.8,978.5,853.6,883.8,998.0,891.8,1040.6,1142.3,1111.7,1034.1,1121.6,17796.3
2026-04-23 15:00:00,1391.9,767.1,1248.5,1123.8,1200.5,1345.6,696.3,730.0,1232.0,1269.4,1327.2,1302.3,1345.2,1349.4,1334.3,1439.0,1477.8,1358.4,1451.1,1574.4,24964.2
2026-04-23 16:00:00,1875.1,1059.1,1735.2,1639.0,1687.8,1861.7,1077.8,1057.0,1703.0,1739.2,1648.9,1667.7,1784.0,1839.4,1893.1,2047.8,2070.6,2039.6,2025.1,2065.4,34516.5
2026-04-23 17:00:00,2566.0,1582.0,2218.4,2035.9,1968.1,2354.8,1625.7,1567.0,2041.2,2138.1,2047.5,2077.1,2230.3,2371.9,2384.7,2577.6,2640.0,2665.8,2523.6,2627.1,44242.8
2026-04-23 18:00:00,2747.1,1586.9,2443.0,2144.5,1979.4,2534.8,1692.2,1462.7,2153.7,2045.9,2416.1,1903.1,2197.0,2391.8,2518.7,2790.5,2719.4,2586.1,2452.6,2643.2,45408.7
2026-04-23 19:00:00,2191.7,1275.5,2073.5,1817.5,1828.6,2093.4,1219.9,1191.9,1901.3,1804.4,2240.0,1804.4,1788.6,2003.9,2076.7,2512.3,2236.0,2182.9,2113.2,2373.0,38728.7
2026-04-23 20:00:00,1673.3,840.5,1267.7,1318.4,1268.9,1575.1,816.0,762.4,1309.6,1314.7,1565.7,1356.0,1235.8,1459.7,1274.9,1694.6,1587.1,1536.4,1508.6,1629.8,26995.2
2026-04-23 21:00:00,864.4,424.7,788.4,745.0,700.2,735.4,466.7,432.8,650.5,652.8,895.4,659.6,610.6,729.0,610.3,899.7,797.8,831.6,738.9,812.1,14045.9
2026-04-23 22:00:00,242.6,145.4,276.0,229.1,226.8,213.9,156.7,156.6,182.9,215.9,250.1,205.0,203.1,202.0,225.4,282.9,255.2,238.7,243.8,279.7,4431.8
2026-04-23 23:00:00,85.9,73.7,98.7,87.4,102.1,81.3,90.1,82.6,72.6,113.0,110.3,72.1,51.5,71.7,80.5,126.8,78.9,77.3,65.1,57.4,1679.0
2026-04-24 00:00:00,225.8,152.4,246.9,259.2,244.0,193.6,179.8,166.1,230.1,255.2,258.0,208.8,227.8,203.3,203.8,261.7,197.6,164.8,203.3,251.7,4333.9
2026-04-24 01:00:00,210.5,156.5,269.7,261.5,261.2,219.4,167.0,159.1,238.0,258.8,249.4,212.0,226.4,241.2,222.2,245.5,222.3,195.7,219.2,272.3,4507.9
2026-04-24 02:00:00,92.6,84.3,156.5,134.4,120.3,133.3,86.9,86.5,104.1,140.2,133.2,103.7,92.6,98.0,123.7,140.0,101.3,104.0,83.3,153.1,2272.0
2026-04-24 03:00:00,55.0,74.2,83.1,74.8,94.7,96.0,73.0,78.5,84.4,97.2,85.6,61.3,63.1,69.8,75.5,109.9,63.0,52.9,31.2,82.7,1505.9
2026-04-24 04:00:00,8.7,39.1,45.3,6.0,15.6,31.2,43.6,45.0,11.0,19.8,23.0,8.2,11.5,8.3,10.7,21.7,17.4,12.3,21.7,16.0,416.1
2026-04-24 05:00:00,7.1,40.5,6.6,9.5,13.5,27.8,46.6,48.5,12.0,18.6,15.9,7.3,9.8,9.3,0.4,15.5,19.5,15.4,23.7,8.4,355.9
2026-04-24 06:00:00,11.7,35.0,7.1,4.7,0.0,30.8,38.6,37.5,2.4,16.7,21.3,9.6,8.9,10.7,0.0,0.0,20.1,16.0,24.7,8.4,304.2
2026-04-24 07:00:00,9.3,30.3,5.9,5.6,11.1,17.8,37.7,36.0,5.9,19.3,13.7,9.0,9.5,11.9,2.8,0.0,14.7,19.1,24.0,9.2,292.8
2026-04-24 08:00:00,6.2,29.9,3.6,11.0,7.8,11.5,36.1,36.5,4.9,20.5,11.1,7.1,8.7,13.1,9.3,0.0,13.7,21.5,23.5,8.4,284.4
2026-04-24 09:00:00,7.0,31.6,7.1,15.2,14.7,11.8,37.1,39.2,5.0,17.8,7.1,8.1,10.4,12.9,9.8,3.2,17.3,13.8,10.9,6.6,286.6
2026-04-24 10:00:00,4.6,33.2,8.4,17.6,19.7,13.6,34.7,38.3,8.3,18.4,3.9,6.9,9.5,7.2,5.0,0.0,9.6,10.7,17.3,8.4,275.3
2026-04-24 11:00:00,7.0,33.2,4.2,9.6,23.5,7.5,40.4,33.7,0.0,15.4,6.2,2.9,5.8,0.0,2.2,6.5,7.8,9.2,5.9,4.1,225.1
2026-04-24 12:00:00,46.7,70.7,47.7,14.3,40.5,43.8,72.5,76.7,22.2,61.4,36.7,31.8,33.5,25.7,46.1,87.2,28.2,72.0,68.8,65.5,992.0
2026-04-24 13:00:00,100.3,105.2,100.7,91.8,151.5,134.9,95.0,111.6,118.1,132.7,97.9,122.8,116.7,98.2,124.1,162.5,137.7,142.2,169.5,166.7,2480.1
2026-04-24 14:00:00,162.6,117.8,198.5,180.8,209.6,199.9,134.4,144.6,215.7,235.8,179.7,210.9,198.1,184.1,205.0,260.9,184.2,181.1,235.2,246.4,3885.3
2026-04-24 15:00:00,226.0,173.4,255.8,201.1,293.2,256.9,166.1,193.2,240.8,290.6,251.0,265.9,247.7,265.6,264.9,332.5,264.1,179.5,320.7,325.0,5014.0
2026-04-24 16:00:00,259.1,161.6,239.0,198.1,288.6,266.1,137.1,194.3,245.1,279.0,295.0,294.2,265.1,343.6,300.8,333.5,278.2,152.0,289.0,352.1,5171.5
2026-04-24 17:00:00,264.3,164.1,262.4,198.1,264.7,262.2,160.7,180.1,232.0,264.4,297.7,252.9,237.8,334.5,288.4,325.7,234.1,290.5,286.5,347.2,5148.3
2026-04-24 18:00:00,201.4,139.2,172.2,163.0,214.0,202.2,137.4,127.3,182.4,201.4,218.5,206.9,176.6,195.0,222.8,235.3,186.3,209.2,229.0,307.7,3927.8
2026-04-24 19:00:00,33.5,58.6,3.0,0.0,31.6,32.9,59.9,70.4,10.6,27.0,33.6,39.3,2.5,32.2,37.1,53.3,0.0,46.6,65.2,83.9,721.2
2026-04-24 20:00:00,10.7,32.0,6.1,0.0,0.2,20.5,37.1,34.4,0.0,5.3,11.7,7.5,8.9,0.4,0.0,0.0,1.8,0.0,18.2,0.0,194.8
2026-04-24 21:00:00,8.5,29.7,0.0,6.6,0.0,24.3,38.3,38.0,0.0,0.0,7.1,2.4,5.0,0.0,0.0,0.0,0.0,0.0,6.1,0.0,166.0
2026-04-24 22:00:00,8.8,30.5,1.2,1.3,0.0,24.3,36.4,34.0,0.7,3.5,8.7,1.8,11.6,0.0,0.0,0.0,2.9,0.0,5.1,0.0,170.8
2026-04-24 23:00:00,7.4,30.2,0.0,0.0,0.0,20.8,35.9,33.4,0.0,0.0,7.1,1.8,3.6,0.0,0.0,0.0,0.0,0.0,7.8,0.0,148.0
2026-04-25 00:00:00,8.2,32.6,2.7,5.5,0.4,25.1,40.9,36.8,3.0,4.5,8.4,9.5,7.8,7.6,0.0,0.0,5.4,0.3,22.8,0.0,221.5
2026-04-25 01:00:00,8.5,32.0,3.5,8.7,4.9,26.7,39.6,38.0,4.3,3.0,9.1,11.3,8.9,7.7,0.0,0.0,12.6,0.0,23.4,0.0,242.2
2026-04-25 02:00:00,7.7,35.0,4.4,13.5,0.6,26.3,38.0,33.8,4.7,8.5,10.7,8.1,8.9,7.8,0.0,0.0,16.4,0.0,21.0,4.2,249.6
2026-04-25 03:00:00,6.7,34.8,4.6,13.7,1.6,25.9,40.7,33.8,4.3,8.5,11.1,7.8,8.3,7.5,0.0,0.0,14.0,0.0,18.9,4.2,246.4
2026-04-25 04:00:00,2.9,34.0,1.4,13.9,7.5,17.2,38.3,35.0,9.4,8.9,5.6,8.8,8.8,6.0,0.0,0.0,10.3,1.3,22.3,4.2,235.8
2026-04-25 05:00:00,1.2,39.1,0.0,7.3,1.9,12.5,41.4,42.7,6.6,15.2,11.9,6.9,9.7,7.6,2.4,30.6,19.1,14.6,20.1,11.1,301.9
2026-04-25 06:00:00,119.0,104.3,132.6,151.1,135.1,130.7,110.6,108.3,121.7,135.5,154.5,113.1,136.0,116.8,124.8,171.5,129.9,100.1,116.3,86.3,2498.2
2026-04-25 07:00:00,203.8,127.3,207.5,204.6,206.3,207.0,136.2,130.6,173.8,197.6,214.5,170.9,190.2,175.9,146.2,260.4,195.1,172.6,173.1,154.5,3648.1
2026-04-25 08:00:00,182.0,126.3,206.7,176.9,193.2,197.8,143.5,122.4,162.8,180.8,204.1,159.3,170.8,164.3,156.3,248.6,173.6,156.4,140.4,139.9,3406.1
2026-04-25 09:00:00,98.5,86.2,106.4,85.7,94.0,108.1,91.1,79.8,80.6,96.0,116.4,84.6,81.2,86.2,64.2,144.9,133.5,67.7,66.6,62.3,1834.0
2026-04-25 10:00:00,29.6,55.0,38.7,30.5,19.5,40.6,47.6,53.2,12.5,26.5,45.7,21.3,0.0,4.4,26.6,70.6,72.1,7.0,0.0,17.6,619.0
2026-04-25 11:00:00,3.4,38.0,0.0,1.2,14.4,3.5,35.4,38.2,0.0,7.2,0.0,0.0,0.0,0.0,0.0,16.8,7.2,0.0,0.1,0.0,165.4
2026-04-25 12:00:00,0.0,39.2,0.0,0.7,17.6,0.0,41.3,36.5,0.0,7.7,1.3,0.0,0.0,0.0,0.0,12.4,0.0,0.0,0.0,0.0,156.7
2026-04-25 13:00:00,66.7,67.3,32.9,27.9,66.2,75.7,70.4,74.0,35.9,63.2,79.3,51.5,30.5,36.3,45.4,95.7,78.1,66.3,72.9,89.9,1226.1
2026-04-25 14:00:00,206.7,150.3,166.3,153.1,206.9,208.5,149.9,151.9,170.6,215.1,186.2,175.9,173.4,195.8,185.4,222.4,208.1,229.1,214.4,249.7,3819.7
2026-04-25 15:00:00,377.3,231.0,343.3,335.7,372.2,406.5,209.4,237.1,340.7,388.9,392.4,360.9,351.0,493.2,415.7,436.9,440.8,464.1,485.4,547.7,7630.2
2026-04-25 16:00:00,554.7,282.4,491.7,420.7,461.6,495.4,291.8,300.4,462.1,451.1,482.8,472.0,428.2,576.1,454.1,579.0,579.7,564.4,574.3,685.6,9608.1
2026-04-25 17:00:00,482.3,253.2,401.8,370.6,390.7,455.7,255.9,262.5,381.0,395.3,425.5,413.5,363.2,460.6,430.5,474.6,441.7,474.2,498.0,527.9,8158.7
2026-04-25 18:00:00,308.9,206.2,260.9,247.5,300.4,281.7,207.6,207.3,281.2,314.9,303.2,274.0,233.8,333.2,269.1,357.9,258.6,340.2,325.4,364.7,5676.7
2026-04-25 19:00:00,277.0,140.1,202.6,155.1,213.1,231.9,155.7,147.7,164.1,184.7,207.6,171.5,173.7,183.5,188.6,283.8,172.0,223.2,236.3,238.4,3950.6
2026-04-25 20:00:00,93.5,89.8,49.5,42.6,103.5,79.0,95.0,96.7,39.3,71.3,101.0,66.2,56.7,52.1,75.7,115.3,59.6,74.1,90.9,84.9,1536.7
2026-04-25 21:00:00,39.2,59.1,20.9,4.6,45.7,39.4,54.6,64.7,3.0,18.2,37.5,30.6,8.2,4.6,6.1,49.9,17.4,9.3,18.6,34.3,565.9
2026-04-25 22:00:00,2.3,36.7,0.0,9.9,24.7,14.3,35.3,34.3,2.6,16.1,11.3,0.1,15.0,7.2,5.1,0.0,0.0,0.0,16.0,0.0,230.9
2026-04-25 23:00:00,6.7,38.0,10.8,16.2,17.7,16.3,36.9,40.6,4.8,18.4,14.8,5.9,13.1,11.2,3.6,0.0,5.9,9.9,19.5,1.2,291.5
2026-04-26 00:00:00,8.8,32.9,6.2,7.8,7.3,15.3,37.5,33.4,3.7,13.4,18.1,4.6,9.2,10.8,0.0,0.0,3.2,4.2,20.1,0.0,236.5
2026-04-26 01:00:00,6.7,31.9,4.4,7.7,3.9,15.3,35.3,33.3,0.4,11.0,13.9,3.8,8.1,7.0,0.0,0.0,2.8,2.2,16.8,0.0,204.5
2026-04-26 02:00:00,7.3,32.0,4.3,7.8,7.1,18.1,36.0,34.9,1.3,11.0,14.6,5.4,8.9,6.6,0.0,0.0,3.8,1.1,19.3,0.0,219.5
2026-04-26 03:00:00,5.4,32.0,5.7,7.3,0.0,16.3,36.9,36.4,8.7,11.6,10.7,9.9,9.6,9.0,0.0,0.0,7.2,9.1,23.5,3.2,242.5
2026-04-26 04:00:00,4.5,32.9,3.6,13.5,0.0,17.3,36.8,35.9,10.6,11.6,12.0,9.9,9.1,7.5,0.0,0.0,9.1,8.8,24.6,7.7,255.4
2026-04-26 05:00:00,0.0,35.4,4.9,14.6,0.0,19.1,38.6,36.9,7.9,12.5,8.2,10.6,9.1,7.0,0.0,0.0,11.8,11.3,20.8,8.1,256.8
2026-04-26 06:00:00,7.5,35.3,7.5,16.0,3.3,20.4,37.5,36.3,11.3,12.8,9.0,9.1,11.1,7.9,0.0,0.0,12.7,12.2,26.0,7.7,283.6
2026-04-26 07:00:00,11.0,34.0,7.4,7.9,0.0,21.9,38.6,37.3,3.9,13.8,9.2,8.9,9.8,7.9,0.0,0.0,3.1,6.7,23.8,4.2,249.4
2026-04-26 08:00:00,7.2,32.3,7.6,6.9,2.9,20.6,37.3,34.7,1.3,11.8,10.7,7.3,9.4,9.0,0.0,0.0,0.0,4.0,17.9,0.0,220.9
2026-04-26 09:00:00,3.4,31.5,0.0,5.3,0.0,13.3,36.1,34.1,1.0,13.5,14.2,2.7,5.8,8.4,0.0,0.0,1.3,2.0,21.7,0.0,194.3
2026-04-26 10:00:00,10.4,31.8,0.2,10.2,0.0,10.5,37.6,39.4,2.5,13.7,14.4,10.0,4.9,13.0,2.3,0.0,0.0,2.0,14.8,0.0,217.7
2026-04-26 11:00:00,6.7,32.5,1.3,0.0,0.0,11.8,38.2,42.9,3.2,19.4,12.9,16.0,6.0,0.0,30.5,5.7,0.0,27.6,13.5,18.7,286.9
2026-04-26 12:00:00,81.4,61.4,76.0,64.8,88.3,97.1,77.5,90.7,88.1,96.5,77.7,102.2,87.7,91.1,115.1,113.3,73.3,108.2,122.2,114.2,1826.8
2026-04-26 13:00:00,147.2,103.9,129.0,146.2,190.3,163.1,114.1,118.4,157.4,181.5,150.1,158.6,167.2,205.3,203.8,202.5,166.0,206.2,208.7,239.5,3359.0
2026-04-26 14:00:00,148.1,99.2,155.5,161.4,195.4,168.3,103.2,116.7,170.9,201.3,170.5,174.6,173.6,225.7,211.5,227.4,175.2,227.7,223.6,250.3,3580.1
2026-04-26 15:00:00,154.6,103.8,191.4,197.0,215.3,178.2,109.4,119.9,173.8,209.3,190.3,198.4,180.4,240.9,238.0,253.4,198.0,245.6,229.2,278.4,3905.3
2026-04-26 16:00:00,244.8,141.9,252.8,235.2,274.4,240.6,149.1,156.9,242.5,288.2,236.7,250.3,252.1,337.2,298.4,278.2,269.0,322.3,296.2,339.3,5106.1
2026-04-26 17:00:00,273.6,161.2,297.4,260.1,308.3,296.2,172.3,192.7,263.9,307.1,277.4,288.6,281.7,361.9,319.8,340.5,329.1,348.8,357.8,396.0,5834.4
2026-04-26 18:00:00,246.7,161.5,241.2,207.8,262.9,234.0,164.2,174.5,231.4,275.9,240.5,232.4,232.1,280.9,263.4,266.3,259.0,320.6,323.0,345.9,4964.2
2026-04-26 19:00:00,223.7,119.6,159.1,166.2,201.7,195.5,136.6,128.6,149.3,188.0,197.7,166.6,140.3,182.1,196.8,188.0,164.1,208.4,215.0,227.7,3555.0
2026-04-26 20:00:00,105.5,56.5,74.4,56.7,75.2,84.7,80.0,76.0,49.0,81.8,96.1,70.0,40.2,71.1,87.3,83.1,88.9,96.8,109.3,133.2,1615.8
2026-04-26 21:00:00,53.9,52.8,34.2,13.1,44.8,34.1,58.3,57.0,6.1,18.3,36.0,3.7,17.3,7.6,24.6,32.5,31.0,44.2,62.4,42.4,674.3
2026-04-26 22:00:00,69.0,54.2,21.3,12.9,53.8,48.7,69.4,63.5,7.8,33.3,58.6,25.0,17.3,24.1,34.7,49.6,50.1,47.2,80.0,65.3,885.8
2026-04-26 23:00:00,141.0,92.7,85.3,75.6,119.5,133.5,95.3,95.1,88.6,100.8,140.0,99.7,85.8,115.3,125.0,127.1,117.5,123.8,166.9,164.6,2293.1
2026-04-27 00:00:00,141.0,92.9,85.8,96.0,122.3,133.5,98.1,93.7,82.1,102.0,154.2,99.3,98.4,117.8,131.8,136.8,127.5,141.1,157.2,158.7,2370.2
2026-04-27 01:00:00,108.9,75.8,27.8,50.7,94.1,82.9,86.5,79.5,32.5,69.2,110.2,51.1,48.3,78.9,80.7,92.2,63.2,83.6,97.4,93.0,1506.5
2026-04-27 02:00:00,83.1,59.7,10.2,29.0,81.3,69.1,69.2,70.9,23.0,57.9,71.2,30.1,18.5,38.4,67.0,60.5,18.7,43.6,78.5,73.3,1053.2
2026-04-27 03:00:00,46.2,41.0,8.2,8.8,48.5,19.1,51.8,54.8,2.8,16.9,24.9,0.0,12.9,5.1,16.5,28.4,0.0,13.9,15.3,9.8,424.9
2026-04-27 04:00:00,46.1,59.5,55.7,28.7,69.9,68.1,70.8,62.7,13.3,42.4,70.3,13.0,25.1,15.9,28.6,75.3,25.1,31.5,29.7,41.8,873.5
2026-04-27 05:00:00,79.4,75.7,80.9,72.0,87.8,100.3,84.5,76.7,38.2,73.1,130.0,51.4,60.1,58.8,69.0,119.8,73.2,74.4,88.3,95.0,1588.6
2026-04-27 06:00:00,46.6,68.4,69.3,51.2,60.2,62.4,71.5,71.8,22.6,56.0,67.2,38.5,40.5,42.2,40.3,99.1,44.7,31.1,32.2,36.0,1051.8
2026-04-27 07:00:00,23.4,53.4,47.7,28.5,55.2,39.0,55.5,58.4,12.7,27.3,60.7,38.6,19.0,9.9,16.0,64.8,25.4,33.8,27.5,17.6,714.4
2026-04-27 08:00:00,7.6,44.2,34.0,10.7,28.3,16.9,40.7,53.4,2.8,19.0,31.9,20.4,18.8,10.6,8.8,48.4,18.9,37.7,4.0,7.5,464.6
2026-04-27 09:00:00,0.7,41.8,0.0,8.0,18.5,5.5,40.2,41.8,0.0,13.9,21.4,0.0,8.5,1.0,8.9,1.4,3.2,0.0,7.4,4.6,226.8
2026-04-27 10:00:00,5.1,32.5,1.6,20.7,18.9,9.7,31.5,41.4,9.6,18.7,5.1,3.7,4.5,4.9,4.0,0.4,8.7,13.8,13.1,4.8,252.7
2026-04-27 11:00:00,6.7,34.6,3.6,9.8,5.2,4.6,40.1,36.6,1.4,17.7,16.9,0.0,5.9,6.7,7.8,9.0,5.3,24.7,13.8,5.9,256.3
2026-04-27 12:00:00,137.4,123.3,127.0,84.4,118.9,136.6,114.2,107.0,125.2,136.8,135.2,129.9,128.7,91.9,155.1,139.1,121.7,152.9,155.8,145.5,2566.6
2026-04-27 13:00:00,110.8,105.4,138.3,81.7,117.7,144.7,99.6,110.3,119.8,150.5,106.8,127.9,109.0,93.2,145.4,159.6,140.9,136.1,157.1,130.9,2485.7
2026-04-27 14:00:00,65.4,56.1,98.3,59.7,77.9,78.8,63.2,73.9,78.9,116.4,83.1,82.5,54.0,84.3,117.0,104.2,85.7,92.2,105.0,129.3,1705.9
2026-04-27 15:00:00,37.4,51.8,84.8,19.0,42.8,80.8,54.0,78.5,53.8,81.7,70.4,76.1,24.9,50.2,69.4,99.6,72.0,5.0,86.4,97.5,1236.1
2026-04-27 16:00:00,100.6,75.1,120.6,68.2,131.5,103.3,52.7,77.2,85.6,137.0,132.6,117.0,58.3,140.1,121.8,159.3,115.1,107.6,160.5,170.2,2234.3
2026-04-27 17:00:00,228.4,153.5,246.1,196.3,279.9,239.6,130.6,147.6,206.4,260.2,254.1,250.0,183.2,252.1,271.7,305.7,221.3,257.7,290.1,357.8,4732.3
2026-04-27 18:00:00,325.4,245.9,401.0,364.0,430.1,332.3,208.4,214.6,338.6,430.0,357.4,342.1,304.9,324.7,404.6,409.6,332.4,375.4,372.4,504.9,7018.7
2026-04-27 19:00:00,551.6,325.5,559.5,542.2,642.0,461.7,264.6,282.0,483.4,601.0,487.9,474.2,412.5,466.4,570.3,494.5,451.0,451.8,531.2,735.9,9789.2
2026-04-27 20:00:00,662.2,419.9,719.0,682.8,767.5,568.8,343.2,337.2,639.9,702.4,616.8,574.1,532.2,543.5,668.6,555.9,563.8,487.2,632.9,818.0,11835.9
2026-04-27 21:00:00,742.0,421.2,789.9,689.7,780.6,568.3,374.2,377.7,704.5,817.6,687.5,586.1,520.3,563.7,794.2,554.1,565.6,561.8,664.4,882.6,12646.0
2026-04-27 22:00:00,950.3,506.8,985.7,827.4,917.9,818.5,451.3,400.9,823.4,1010.3,780.9,717.6,718.4,686.9,902.6,749.9,723.9,746.7,822.2,1043.7,15585.3
2026-04-27 23:00:00,1102.8,590.8,1238.6,1099.2,1103.9,911.5,556.8,497.6,1067.2,1184.3,918.9,930.7,925.3,897.1,1023.7,930.3,854.5,870.6,972.0,1228.7,18904.5
2026-04-28 00:00:00,1116.0,600.1,1149.0,1053.1,1178.3,983.5,577.3,501.1,1115.6,1207.7,976.5,993.8,924.0,902.4,1026.2,1040.5,914.3,998.0,1034.4,1157.5,19449.3
2026-04-28 01:00:00,828.6,560.0,1095.7,917.6,1090.9,742.7,571.0,491.3,988.1,1055.0,846.8,858.7,766.9,903.1,938.2,874.4,800.4,727.5,965.7,1068.3,17090.9
2026-04-28 02:00:00,708.2,414.6,911.9,786.3,970.2,741.1,455.2,427.9,887.7,922.3,781.2,781.6,714.0,823.6,925.0,855.2,769.9,708.5,856.8,1040.1,15481.3
2026-04-28 03:00:00,824.3,447.9,877.3,911.3,975.0,820.5,533.1,465.5,982.6,942.5,873.9,878.0,904.5,929.6,1017.1,1034.6,1088.2,754.5,1067.4,1069.1,17396.9
2026-04-28 04:00:00,1134.0,676.9,1127.9,1051.6,1221.8,1226.1,773.6,709.6,1198.5,1156.2,1207.0,1152.6,1194.1,1228.1,1307.5,1249.4,1394.0,1149.7,1406.4,1529.3,23094.3
2026-04-28 05:00:00,1298.7,793.2,1196.1,1123.1,1212.4,1386.4,840.1,784.1,1310.3,1326.2,1362.4,1215.7,1350.9,1438.4,1395.5,1484.0,1455.3,1440.6,1481.7,1671.9,25567.0
2026-04-28 06:00:00,1217.3,754.5,1134.1,1011.2,1118.0,1375.1,803.9,712.4,1193.4,1177.7,1296.2,1139.9,1194.6,1377.2,1342.6,1430.2,1454.3,1478.5,1425.2,1540.5,24176.8
2026-04-28 07:00:00,999.7,561.8,926.2,835.2,929.8,1114.5,677.2,603.0,976.5,957.7,1103.2,962.3,996.4,1085.1,1036.7,1127.0,1158.6,1296.5,1127.0,1269.1,19743.5
2026-04-28 08:00:00,834.2,408.6,716.4,648.1,788.4,816.3,477.5,438.2,782.2,754.3,810.0,733.5,741.9,824.7,785.1,840.7,883.7,1070.3,862.8,1024.5,15241.4
2026-04-28 09:00:00,548.9,292.8,492.1,472.9,533.6,569.5,330.5,311.7,517.9,527.8,523.8,533.9,536.3,558.7,556.6,586.4,673.5,703.3,664.8,694.3,10629.3
2026-04-28 10:00:00,590.8,330.3,573.4,510.2,566.4,607.7,330.9,332.7,597.1,578.9,559.4,568.7,570.1,593.1,597.3,601.2,672.9,719.1,667.1,779.7,11347.0
2026-04-28 11:00:00,834.2,438.0,799.7,697.2,794.9,817.7,478.2,444.4,768.2,766.3,797.8,752.4,774.0,878.4,840.8,839.8,920.6,1016.4,929.3,1021.2,15609.5
2026-04-28 12:00:00,1130.2,648.2,1156.0,1010.8,1118.5,1150.7,695.1,712.1,1095.5,1086.0,1157.1,1068.5,1145.0,1213.7,1178.2,1165.2,1285.7,1297.9,1248.6,1358.8,21921.8
2026-04-28 13:00:00,1437.1,805.5,1350.7,1341.5,1427.8,1517.6,890.3,885.8,1369.4,1364.3,1458.7,1397.5,1442.2,1488.6,1437.0,1591.1,1599.0,1506.9,1537.4,1684.0,27532.4
2026-04-28 14:00:00,1581.9,840.0,1537.2,1331.6,1394.1,1630.1,890.7,914.3,1366.1,1461.8,1463.0,1483.1,1444.3,1552.2,1518.2,1594.6,1661.7,1490.2,1692.0,1717.3,28564.4
2026-04-28 15:00:00,1730.9,950.9,1605.0,1397.3,1530.7,1703.0,943.5,999.0,1491.5,1494.2,1543.3,1516.0,1544.7,1606.9,1559.2,1691.5,1704.9,1592.6,1716.5,1790.1,30111.7
2026-04-28 16:00:00,1493.0,834.2,1492.3,1290.9,1395.3,1592.1,826.2,885.8,1366.2,1424.5,1466.8,1408.4,1424.7,1552.3,1481.9,1595.1,1664.2,1592.6,1651.4,1683.0,28120.9
2026-04-28 17:00:00,1325.0,758.4,1348.8,1145.1,1237.6,1353.6,731.4,811.5,1229.9,1259.4,1380.5,1233.4,1295.7,1405.9,1382.5,1376.6,1524.1,1522.6,1464.7,1551.5,25338.2
2026-04-28 18:00:00,1191.3,661.9,1209.2,1055.4,1084.5,1208.9,653.3,712.2,1097.9,1139.7,1174.8,1054.3,1148.6,1231.6,1184.4,1276.1,1324.6,1386.0,1340.3,1322.3,22457.3
2026-04-28 19:00:00,999.9,537.2,982.4,892.8,997.1,970.6,568.2,638.2,921.6,988.6,963.2,914.7,1036.6,1034.7,1031.5,1084.9,1150.9,1221.4,1130.1,1179.2,19243.8
2026-04-28 20:00:00,769.9,404.8,728.6,677.9,735.8,775.7,454.1,430.6,722.6,764.6,736.8,686.7,712.4,771.7,738.8,792.8,830.9,867.2,838.6,961.0,14401.5
2026-04-28 21:00:00,588.1,293.4,555.0,485.2,605.9,569.6,330.7,332.8,558.2,577.7,516.7,523.3,512.6,606.3,571.6,599.2,641.1,669.4,645.5,726.4,10908.7
2026-04-28 22:00:00,544.7,339.1,519.9,463.7,561.0,540.1,330.9,333.3,560.5,563.1,504.7,500.0,498.7,577.5,534.4,582.5,619.7,646.6,622.9,702.7,10546.0
2026-04-28 23:00:00,676.9,372.1,591.2,543.2,649.2,613.8,382.0,349.2,572.1,616.7,612.4,568.7,537.3,632.4,597.6,672.5,660.4,713.6,663.9,763.2,11788.4
