SYSDATETIME,WTG001_WS,WTG002_WS,WTG003_WS,WTG004_WS,WTG005_WS,WTG006_WS,WTG007_WS,WTG008_WS,WTG009_WS,WTG010_WS,WTG011_WS,WTG012_WS,WTG013_WS,WTG014_WS,WTG015_WS,WTG016_WS,WTG017_WS,WTG018_WS,WTG019_WS,WTG020_WS,WAVE_HEIGHT,TEMPERATURE
2026-05-16 00:00:00,2.811,2.552,2.865,2.759,2.643,2.787,2.503,2.452,2.707,2.583,2.944,2.765,2.703,2.767,2.702,2.981,2.84,2.801,2.811,2.734,0.003,16.2
2026-05-16 01:00:00,2.863,2.451,2.826,2.738,2.636,2.791,2.45,2.419,2.7,2.548,2.961,2.775,2.677,2.781,2.629,2.985,2.749,2.723,2.763,2.644,0.009,16.0
2026-05-16 02:00:00,2.968,2.549,2.807,2.889,2.735,3.057,2.529,2.474,2.801,2.662,3.209,2.963,2.802,2.906,2.8,3.08,2.952,2.963,2.894,2.901,0.015,15.8
2026-05-16 03:00:00,2.954,2.512,2.77,2.866,2.728,3.05,2.556,2.441,2.747,2.621,3.182,2.851,2.777,2.856,2.844,3.069,2.954,2.952,2.903,3.037,0.023,15.7
2026-05-16 04:00:00,2.952,2.524,2.687,2.764,2.673,3.064,2.539,2.421,2.667,2.541,3.221,2.841,2.698,2.723,2.804,3.071,2.909,2.942,2.894,3.009,0.023,15.5
2026-05-16 05:00:00,2.954,2.555,2.742,2.791,2.699,2.956,2.563,2.388,2.719,2.573,3.229,2.8,2.719,2.712,2.813,3.157,2.961,2.911,2.92,3.048,0.023,15.4
2026-05-16 06:00:00,2.86,2.582,2.749,2.788,2.688,2.968,2.582,2.423,2.705,2.586,3.194,2.773,2.733,2.708,2.814,3.103,2.975,2.888,2.916,3.033,0.015,15.5
2026-05-16 07:00:00,2.847,2.518,2.715,2.681,2.643,2.85,2.611,2.491,2.669,2.604,3.12,2.803,2.695,2.687,2.688,2.945,2.913,2.793,2.746,2.861,0.007,16.4
2026-05-16 08:00:00,2.788,2.359,2.651,2.631,2.495,2.828,2.377,2.323,2.57,2.458,3.047,2.73,2.613,2.7,2.617,2.782,2.767,2.67,2.682,2.737,0.005,17.7
2026-05-16 09:00:00,2.492,2.242,2.382,2.346,2.316,2.529,2.298,2.243,2.356,2.301,2.663,2.505,2.318,2.502,2.442,2.523,2.437,2.487,2.437,2.497,0.02,18.6
2026-05-16 10:00:00,2.75,2.454,2.653,2.563,2.506,2.685,2.475,2.467,2.551,2.722,2.896,2.59,2.665,2.58,2.745,2.744,2.765,2.711,2.724,3.013,0.081,19.2
2026-05-16 11:00:00,3.361,2.953,3.369,3.325,3.213,3.359,2.884,2.836,3.3,3.513,3.49,3.309,3.481,3.585,3.484,3.585,3.642,3.545,3.554,3.91,0.212,19.8
2026-05-16 12:00:00,4.132,3.556,3.984,3.961,3.874,4.094,3.418,3.292,4.019,4.105,4.134,4.011,4.239,4.1,4.175,4.274,4.452,4.372,4.325,4.68,0.388,20.0
2026-05-16 13:00:00,4.619,3.94,4.493,4.592,4.483,4.727,3.874,3.802,4.675,4.821,4.831,4.753,4.853,4.766,5.073,5.074,5.195,5.085,5.094,5.424,0.542,19.9
2026-05-16 14:00:00,5.254,4.187,5.146,5.101,4.995,5.353,4.251,4.117,5.197,5.148,5.411,5.306,5.28,5.381,5.626,5.592,5.611,5.777,5.702,5.79,0.658,19.8
2026-05-16 15:00:00,5.554,4.366,5.477,5.358,5.243,5.657,4.577,4.358,5.472,5.349,5.729,5.547,5.408,5.603,5.815,5.853,5.937,6.052,5.921,6.078,0.658,19.6
2026-05-16 16:00:00,5.685,4.414,5.462,5.285,5.222,5.732,4.594,4.321,5.464,5.314,5.826,5.551,5.347,5.552,5.79,5.959,5.991,6.045,5.919,6.067,0.518,19.2
2026-05-16 17:00:00,5.383,4.217,5.139,5.005,5.005,5.427,4.42,4.138,5.192,5.028,5.536,5.282,5.11,5.258,5.529,5.646,5.717,5.813,5.649,5.75,0.344,18.9
2026-05-16 18:00:00,5.396,4.187,5.011,4.981,4.784,5.332,4.374,4.076,4.996,4.972,5.342,5.16,5.125,5.187,5.385,5.48,5.494,5.617,5.542,5.602,0.188,18.2
2026-05-16 19:00:00,5.091,4.034,4.635,4.648,4.426,5.032,4.04,3.875,4.696,4.546,5.09,4.766,4.746,4.807,4.995,5.111,5.019,5.184,5.185,5.175,0.085,17.6
2026-05-16 20:00:00,4.457,3.408,3.958,4.049,3.877,4.438,3.446,3.244,4.0,3.825,4.461,4.061,4.073,4.123,4.254,4.511,4.455,4.413,4.472,4.511,0.024,17.0
2026-05-16 21:00:00,3.747,2.92,3.403,3.496,3.403,3.717,3.097,2.908,3.428,3.245,3.909,3.504,3.477,3.593,3.56,3.93,3.725,3.695,3.773,3.729,0.007,16.7
2026-05-16 22:00:00,3.332,2.765,3.196,3.1,2.936,3.373,2.838,2.644,3.031,2.803,3.504,3.119,3.054,3.191,3.198,3.559,3.285,3.363,3.41,3.338,0.003,16.5
2026-05-16 23:00:00,3.114,2.601,2.986,2.924,2.761,3.056,2.64,2.517,2.741,2.621,3.18,2.894,2.769,2.907,2.906,3.161,3.046,3.087,3.113,2.947,0.003,16.3
2026-05-17 00:00:00,2.988,2.494,2.831,2.775,2.58,2.967,2.519,2.415,2.589,2.605,3.068,2.753,2.701,2.744,2.868,3.129,3.001,3.025,3.08,2.951,0.003,16.1
2026-05-17 01:00:00,3.056,2.614,2.735,2.801,2.703,2.972,2.666,2.594,2.765,2.667,3.13,2.898,2.724,2.85,2.854,3.143,2.996,3.005,3.102,2.93,0.005,16.0
2026-05-17 02:00:00,3.055,2.573,2.856,2.875,2.756,3.09,2.542,2.465,2.823,2.666,3.325,2.83,2.788,2.841,2.896,3.211,3.159,3.099,3.109,3.086,0.02,15.8
2026-05-17 03:00:00,3.387,2.743,3.133,3.15,3.099,3.378,2.78,2.659,3.157,3.006,3.698,3.188,3.183,3.173,3.264,3.593,3.482,3.472,3.473,3.543,0.034,15.7
2026-05-17 04:00:00,3.595,2.831,3.33,3.345,3.184,3.569,2.927,2.766,3.332,3.003,3.822,3.377,3.345,3.288,3.306,3.77,3.579,3.488,3.505,3.649,0.039,15.5
2026-05-17 05:00:00,3.577,2.832,3.409,3.375,3.077,3.587,2.913,2.766,3.32,3.022,3.829,3.366,3.33,3.189,3.227,3.724,3.46,3.398,3.407,3.488,0.037,15.4
2026-05-17 06:00:00,3.517,2.842,3.367,3.365,3.134,3.547,2.917,2.715,3.227,3.04,3.834,3.383,3.338,3.254,3.24,3.758,3.539,3.38,3.357,3.483,0.039,15.6
2026-05-17 07:00:00,3.433,2.839,3.129,3.151,3.03,3.396,2.876,2.673,3.114,2.91,3.723,3.26,3.194,3.24,3.156,3.602,3.447,3.321,3.311,3.324,0.048,16.6
2026-05-17 08:00:00,3.455,2.824,2.924,3.149,2.967,3.416,2.747,2.639,3.074,2.958,3.654,3.173,3.097,3.173,3.228,3.498,3.425,3.369,3.366,3.372,0.071,17.6
2026-05-17 09:00:00,3.386,2.749,2.973,3.16,2.964,3.35,2.724,2.596,2.989,2.821,3.494,3.178,3.089,3.14,3.221,3.485,3.305,3.36,3.341,3.347,0.106,18.6
2026-05-17 10:00:00,4.029,3.105,3.445,3.595,3.429,3.894,3.119,2.978,3.551,3.375,4.007,3.645,3.576,3.726,3.737,4.045,3.86,3.88,3.891,3.975,0.155,19.4
2026-05-17 11:00:00,4.125,3.313,3.7,3.764,3.654,4.066,3.284,3.128,3.765,3.613,4.173,3.782,3.82,3.905,3.997,4.299,4.086,4.151,4.167,4.236,0.203,19.9
2026-05-17 12:00:00,4.313,3.456,3.933,3.94,3.799,4.227,3.431,3.308,3.879,3.773,4.296,4.002,3.966,4.071,4.161,4.282,4.17,4.328,4.249,4.357,0.284,20.5
2026-05-17 13:00:00,4.498,3.601,4.303,4.27,4.106,4.478,3.548,3.511,4.142,4.121,4.412,4.253,4.24,4.361,4.54,4.613,4.643,4.681,4.633,4.601,0.39,20.9
2026-05-17 14:00:00,5.136,4.096,4.759,4.808,4.694,5.141,4.118,3.971,4.806,4.958,5.085,4.91,4.993,4.923,5.265,5.292,5.308,5.434,5.281,5.539,0.533,21.0
2026-05-17 15:00:00,5.26,4.232,4.912,4.962,4.845,5.254,4.302,4.133,4.955,4.93,5.223,5.072,5.042,5.063,5.348,5.411,5.351,5.58,5.449,5.457,0.592,20.9
2026-05-17 16:00:00,5.04,4.034,4.683,4.75,4.651,5.105,4.106,3.914,4.71,4.714,5.118,4.864,4.792,4.828,5.166,5.233,5.14,5.344,5.208,5.252,0.507,20.5
2026-05-17 17:00:00,4.767,3.93,4.339,4.467,4.402,4.836,3.904,3.692,4.389,4.405,4.827,4.63,4.564,4.559,4.846,4.945,4.805,5.06,4.898,4.926,0.342,20.1
2026-05-17 18:00:00,4.292,3.491,4.01,4.094,3.966,4.288,3.537,3.336,3.936,3.958,4.411,4.137,4.122,4.191,4.352,4.471,4.312,4.532,4.415,4.478,0.188,19.4
2026-05-17 19:00:00,3.253,2.611,2.929,3.002,2.893,3.179,2.729,2.529,2.94,2.93,3.268,3.015,3.018,3.047,3.301,3.357,3.125,3.374,3.337,3.375,0.062,18.3
2026-05-17 20:00:00,2.706,2.23,2.5,2.414,2.311,2.633,2.318,2.229,2.4,2.426,2.673,2.531,2.385,2.472,2.566,2.753,2.611,2.691,2.743,2.677,0.005,17.5
2026-05-17 21:00:00,2.199,1.95,2.16,2.068,2.195,2.155,1.97,1.831,2.083,1.999,2.126,2.096,2.064,2.148,2.156,2.273,2.139,2.207,2.316,2.162,0.0,17.1
2026-05-17 22:00:00,2.244,2.016,2.211,2.131,2.211,2.137,2.052,1.894,2.085,2.068,2.082,2.051,2.044,2.123,2.127,2.217,2.106,2.209,2.244,2.149,0.001,16.8
2026-05-17 23:00:00,2.268,2.017,2.215,2.118,2.144,2.154,2.019,1.901,2.075,1.977,2.192,2.102,2.069,2.178,2.121,2.345,2.176,2.248,2.242,2.179,0.002,16.5
2026-05-18 00:00:00,2.364,2.1,2.225,2.199,2.182,2.253,2.081,1.967,2.259,2.049,2.311,2.177,2.219,2.248,2.316,2.405,2.291,2.43,2.406,2.346,0.004,16.1
2026-05-18 01:00:00,2.282,2.002,2.251,2.153,2.316,2.226,1.991,1.892,2.167,2.095,2.188,2.214,2.19,2.175,2.25,2.411,2.224,2.335,2.295,2.216,0.002,15.8
2026-05-18 02:00:00,2.394,2.125,2.44,2.315,2.38,2.363,2.11,2.055,2.344,2.234,2.355,2.269,2.346,2.335,2.439,2.525,2.412,2.421,2.429,2.403,0.004,15.5
2026-05-18 03:00:00,2.536,2.243,2.495,2.446,2.525,2.489,2.242,2.188,2.487,2.327,2.479,2.389,2.444,2.458,2.58,2.563,2.493,2.513,2.601,2.543,0.013,15.3
2026-05-18 04:00:00,2.329,2.133,2.34,2.285,2.345,2.303,2.093,2.016,2.307,2.208,2.294,2.187,2.227,2.261,2.422,2.369,2.279,2.356,2.434,2.43,0.014,15.2
2026-05-18 05:00:00,2.388,2.195,2.359,2.353,2.388,2.359,2.163,2.169,2.33,2.263,2.309,2.255,2.329,2.377,2.483,2.441,2.297,2.378,2.455,2.448,0.015,15.0
2026-05-18 06:00:00,2.434,2.211,2.386,2.377,2.444,2.379,2.169,2.144,2.377,2.306,2.345,2.343,2.401,2.423,2.519,2.513,2.358,2.433,2.509,2.586,0.012,15.3
2026-05-18 07:00:00,2.43,2.178,2.382,2.362,2.44,2.362,2.165,2.101,2.373,2.302,2.322,2.304,2.375,2.438,2.504,2.493,2.354,2.381,2.483,2.507,0.015,16.4
2026-05-18 08:00:00,2.554,2.266,2.597,2.475,2.571,2.492,2.222,2.175,2.498,2.411,2.49,2.409,2.428,2.448,2.671,2.644,2.393,2.497,2.581,2.622,0.016,17.7
2026-05-18 09:00:00,2.614,2.369,2.707,2.616,2.73,2.559,2.318,2.275,2.711,2.603,2.635,2.551,2.579,2.678,2.849,2.637,2.529,2.667,2.79,2.761,0.005,18.9
2026-05-18 10:00:00,2.633,2.38,2.631,2.577,2.578,2.539,2.238,2.281,2.631,2.878,2.509,2.519,2.646,2.541,2.89,2.599,2.606,2.581,2.65,2.968,0.003,19.9
2026-05-18 11:00:00,3.052,2.735,3.19,3.098,3.149,2.978,2.722,2.697,3.088,3.382,2.917,3.045,3.124,3.048,3.508,3.052,3.118,3.171,3.177,3.527,0.091,20.4
2026-05-18 12:00:00,4.067,3.315,3.843,3.804,3.848,3.79,3.114,3.268,3.799,4.133,3.575,3.796,3.871,3.73,4.22,3.788,4.005,3.987,4.028,4.34,0.287,21.0
2026-05-18 13:00:00,4.143,3.488,4.137,4.165,4.171,4.151,3.43,3.367,4.033,4.544,3.994,4.164,4.21,4.124,4.64,4.379,4.512,4.455,4.35,4.872,0.4,21.4
2026-05-18 14:00:00,4.449,3.595,4.353,4.444,4.574,4.445,3.648,3.532,4.323,4.895,4.32,4.41,4.531,4.409,4.946,4.69,4.877,4.699,4.716,5.26,0.448,21.4
2026-05-18 15:00:00,4.518,3.521,4.474,4.594,4.786,4.474,3.492,3.488,4.492,4.836,4.379,4.509,4.531,4.574,5.083,4.733,4.906,4.872,4.72,5.233,0.403,21.0
2026-05-18 16:00:00,4.447,3.526,4.346,4.537,4.693,4.465,3.478,3.481,4.44,4.75,4.269,4.469,4.481,4.519,4.982,4.618,4.88,4.851,4.5,5.08,0.299,20.7
2026-05-18 17:00:00,4.45,3.633,4.376,4.422,4.441,4.491,3.723,3.586,4.266,4.416,4.44,4.496,4.464,4.428,4.795,4.738,4.734,4.718,4.645,4.866,0.161,20.2
2026-05-18 18:00:00,4.052,3.259,3.984,4.056,4.047,4.129,3.335,3.252,3.93,4.061,4.063,4.126,4.096,4.068,4.428,4.322,4.334,4.347,4.26,4.533,0.073,19.6
2026-05-18 19:00:00,3.663,2.962,3.495,3.615,3.544,3.559,3.035,2.977,3.492,3.684,3.405,3.606,3.59,3.541,3.908,3.814,3.838,3.864,3.839,3.95,0.028,18.9
2026-05-18 20:00:00,3.213,2.604,3.168,3.082,3.087,3.105,2.683,2.586,2.922,3.001,3.137,3.113,2.976,2.979,3.173,3.334,3.211,3.298,3.261,3.474,0.01,18.4
2026-05-18 21:00:00,3.614,2.998,3.667,3.69,3.664,3.586,2.999,2.793,3.488,3.563,3.664,3.595,3.549,3.509,3.791,3.767,3.647,3.756,3.696,3.885,0.011,18.1
2026-05-18 22:00:00,4.016,3.228,3.83,3.909,4.034,3.977,3.259,2.977,3.825,3.982,4.035,3.816,3.819,3.832,4.237,3.883,3.932,4.109,4.026,4.078,0.023,17.9
2026-05-18 23:00:00,4.1,3.435,3.936,4.014,4.065,4.078,3.268,3.131,3.772,4.036,4.214,4.042,3.824,3.929,4.213,4.088,4.001,4.149,4.043,4.288,0.036,17.5
2026-05-19 00:00:00,3.892,3.309,3.769,3.887,3.904,3.917,3.177,3.049,3.655,3.894,3.91,3.864,3.7,3.768,4.033,3.807,3.902,4.05,3.902,4.181,0.051,17.3
2026-05-19 01:00:00,3.793,3.101,3.716,3.759,3.839,3.782,3.079,2.99,3.552,3.739,3.783,3.806,3.652,3.669,3.801,3.805,3.765,3.889,3.787,3.966,0.058,17.0
2026-05-19 02:00:00,4.275,3.589,4.171,4.199,4.321,4.322,3.569,3.435,4.138,4.065,4.395,4.281,4.073,4.217,4.449,4.336,4.225,4.405,4.286,4.664,0.071,16.8
2026-05-19 03:00:00,4.84,3.96,4.693,4.793,4.809,4.907,3.895,3.742,4.6,4.515,5.029,4.788,4.613,4.586,4.916,4.853,4.81,4.835,4.665,5.244,0.079,16.5
2026-05-19 04:00:00,5.101,4.185,5.098,5.178,4.986,5.194,4.054,3.998,4.977,4.842,5.302,5.041,4.9,4.955,5.281,5.23,5.115,5.067,4.992,5.488,0.091,16.5
2026-05-19 05:00:00,5.271,4.504,5.217,5.331,5.279,5.316,4.396,4.249,5.141,4.997,5.459,5.22,5.029,5.219,5.523,5.406,5.339,5.286,5.321,5.635,0.092,16.6
2026-05-19 06:00:00,5.589,4.703,5.473,5.57,5.561,5.53,4.617,4.442,5.35,5.312,5.583,5.405,5.269,5.469,5.998,5.597,5.489,5.365,5.631,5.932,0.113,17.1
2026-05-19 07:00:00,5.374,4.532,5.278,5.45,5.367,5.341,4.425,4.207,5.146,5.199,5.371,5.237,5.065,5.278,5.766,5.396,5.264,5.198,5.461,5.691,0.147,17.9
2026-05-19 08:00:00,5.141,4.42,5.227,5.444,5.344,5.197,4.208,4.063,5.052,5.261,5.158,5.158,4.975,5.113,5.748,5.343,5.172,5.172,5.232,5.531,0.172,19.0
2026-05-19 09:00:00,4.588,3.817,4.614,4.921,4.756,4.712,3.649,3.561,4.56,4.757,4.671,4.674,4.465,4.674,5.131,4.844,4.669,4.693,4.793,5.022,0.11,20.0
2026-05-19 10:00:00,4.321,3.787,4.495,4.488,4.464,4.358,3.561,3.508,4.373,4.549,4.435,4.252,4.31,4.48,4.771,4.663,4.645,4.621,4.539,4.943,0.014,20.5
2026-05-19 11:00:00,4.361,3.824,4.33,4.237,4.206,4.466,3.533,3.391,4.188,4.184,4.484,4.27,4.35,4.371,4.703,4.511,4.686,4.661,4.587,4.817,0.102,20.5
2026-05-19 12:00:00,4.78,4.242,4.758,5.111,4.673,4.958,4.099,3.891,4.885,4.722,4.921,4.73,4.866,4.891,5.26,5.374,5.291,5.3,5.097,5.373,0.395,20.6
2026-05-19 13:00:00,5.421,4.5,5.363,5.607,5.234,5.631,4.546,4.432,5.469,5.427,5.5,5.513,5.492,5.474,5.803,6.097,5.986,6.112,5.722,6.006,0.548,20.9
2026-05-19 14:00:00,5.649,4.769,5.344,5.649,5.432,5.883,4.627,4.438,5.557,5.447,5.711,5.632,5.461,5.584,5.867,6.221,5.846,6.055,5.904,6.149,0.567,21.1
2026-05-19 15:00:00,6.105,4.741,5.71,5.831,5.685,6.096,4.803,4.57,5.818,5.638,5.984,5.937,5.649,5.8,6.013,6.323,6.181,6.202,6.092,6.465,0.595,20.9
2026-05-19 16:00:00,6.144,4.76,5.664,5.9,5.71,6.17,4.843,4.569,5.828,5.659,6.084,5.912,5.697,5.816,6.039,6.458,6.244,6.179,6.08,6.447,0.527,20.3
2026-05-19 17:00:00,5.881,4.619,5.566,5.608,5.434,5.925,4.718,4.348,5.542,5.41,5.954,5.577,5.389,5.558,5.812,6.176,6.091,5.939,5.89,6.196,0.368,19.8
2026-05-19 18:00:00,5.564,4.375,5.13,5.237,5.106,5.537,4.399,4.173,5.158,5.085,5.523,5.165,5.143,5.288,5.545,5.699,5.671,5.578,5.538,5.78,0.217,18.9
2026-05-19 19:00:00,4.965,3.903,4.67,4.746,4.454,5.049,3.873,3.624,4.511,4.409,5.011,4.634,4.504,4.674,4.819,5.057,5.032,4.973,4.807,5.081,0.062,18.5
2026-05-19 20:00:00,4.081,3.226,3.666,3.839,3.685,4.045,3.211,2.947,3.653,3.528,4.153,3.9,3.56,3.733,3.653,3.915,3.915,3.926,3.765,3.994,0.005,18.3
2026-05-19 21:00:00,4.478,3.587,4.297,4.343,4.394,4.401,3.516,3.297,4.169,4.167,4.44,4.271,4.067,4.265,4.19,4.357,4.333,4.369,4.253,4.45,0.016,18.2
2026-05-19 22:00:00,4.989,4.11,4.823,4.723,4.713,4.944,4.036,3.808,4.671,4.585,5.035,4.75,4.557,4.855,4.821,4.913,4.924,4.872,4.953,5.041,0.039,17.9
2026-05-19 23:00:00,4.774,3.953,4.66,4.693,4.694,4.839,3.904,3.678,4.528,4.54,4.94,4.649,4.508,4.694,4.916,4.811,4.928,4.976,4.781,5.088,0.049,17.8
2026-05-20 00:00:00,4.743,3.975,4.761,4.788,4.661,4.925,4.049,3.836,4.639,4.589,4.92,4.627,4.638,4.757,5.159,5.017,5.043,4.956,4.887,5.137,0.049,17.9
2026-05-20 01:00:00,4.832,3.95,4.734,4.758,4.653,4.833,3.972,3.792,4.645,4.5,5.0,4.699,4.71,4.688,4.979,4.87,4.918,4.757,4.854,5.026,0.028,18.2
2026-05-20 02:00:00,5.163,4.225,5.025,5.07,4.875,5.253,4.244,4.025,4.874,4.705,5.315,4.92,4.893,5.004,5.144,5.307,5.243,5.092,5.126,5.262,0.024,18.1
2026-05-20 03:00:00,4.979,4.159,4.833,4.866,4.651,4.996,4.086,3.817,4.747,4.469,5.105,4.826,4.77,4.786,4.941,5.082,4.983,4.76,4.948,5.007,0.054,18.1
2026-05-20 04:00:00,4.793,4.042,4.672,4.704,4.553,4.851,3.926,3.622,4.538,4.316,4.971,4.677,4.56,4.566,4.7,4.931,4.743,4.474,4.563,4.776,0.123,18.1
2026-05-20 05:00:00,4.528,3.683,4.265,4.374,4.264,4.504,3.613,3.292,4.268,4.009,4.576,4.287,4.37,4.39,4.285,4.579,4.361,4.073,4.31,4.332,0.231,18.1
2026-05-20 06:00:00,4.285,3.373,3.941,4.048,4.027,4.269,3.433,3.115,3.978,3.708,4.166,3.99,4.01,4.107,4.031,4.256,4.122,3.8,4.005,4.182,0.328,18.1
2026-05-20 07:00:00,4.172,3.313,3.778,3.897,3.877,4.077,3.45,3.133,3.839,3.632,4.146,4.02,3.918,3.964,3.946,4.198,4.051,3.869,4.032,4.189,0.278,18.4
2026-05-20 08:00:00,4.271,3.456,3.838,3.992,3.894,4.187,3.313,3.29,3.875,3.737,4.158,4.001,3.914,3.947,4.106,4.204,4.164,3.857,4.127,4.369,0.201,18.8
2026-05-20 09:00:00,4.114,3.362,3.882,3.938,3.782,4.066,3.325,3.147,3.826,3.684,4.117,4.001,3.846,3.879,3.987,4.074,3.956,3.895,3.991,3.98,0.158,19.1
2026-05-20 10:00:00,3.782,3.144,3.59,3.524,3.474,3.73,3.153,2.902,3.544,3.329,3.723,3.628,3.588,3.592,3.658,3.791,3.611,3.54,3.607,3.667,0.155,19.3
2026-05-20 11:00:00,3.598,2.939,3.345,3.341,3.341,3.557,2.956,2.778,3.382,3.169,3.586,3.466,3.381,3.416,3.43,3.699,3.368,3.378,3.413,3.486,0.155,19.5
2026-05-20 12:00:00,3.735,3.065,3.469,3.459,3.681,3.655,3.061,2.886,3.584,3.322,3.701,3.652,3.636,3.587,3.537,3.818,3.605,3.534,3.548,3.699,0.166,19.7
2026-05-20 13:00:00,3.816,3.169,3.715,3.554,3.766,3.744,3.202,3.004,3.704,3.553,3.76,3.653,3.72,3.665,3.626,3.873,3.676,3.718,3.59,3.693,0.166,19.8
2026-05-20 14:00:00,3.983,3.293,3.924,3.829,3.985,3.939,3.248,3.109,3.911,3.8,3.826,3.634,3.564,3.792,3.875,4.037,3.69,3.755,3.839,3.907,0.175,19.8
2026-05-20 15:00:00,4.328,3.59,4.275,4.181,4.42,4.468,3.72,3.43,4.336,4.183,4.299,4.254,4.072,4.257,4.368,4.678,4.268,4.216,4.265,4.296,0.226,19.6
2026-05-20 16:00:00,5.211,4.027,4.992,4.828,4.8,5.144,4.023,3.754,4.899,4.652,5.072,4.753,4.796,4.805,4.604,5.595,4.978,4.525,4.734,4.841,0.393,19.2
2026-05-20 17:00:00,6.053,4.578,5.601,5.389,5.412,5.932,4.581,4.249,5.365,5.035,5.857,5.493,5.228,5.486,5.436,6.163,5.941,5.439,5.545,5.839,0.727,18.6
2026-05-20 18:00:00,6.926,5.384,6.534,6.254,6.352,6.909,5.346,4.974,6.357,5.829,6.739,6.231,6.098,6.42,6.287,7.169,6.677,6.25,6.386,6.658,1.04,18.1
2026-05-20 19:00:00,7.476,5.774,7.106,6.672,6.833,7.33,5.781,5.433,6.706,6.255,7.209,6.661,6.484,6.865,6.908,7.676,7.307,6.452,6.824,6.928,1.032,17.7
2026-05-20 20:00:00,7.444,5.73,7.014,6.913,6.678,7.433,5.799,5.543,6.879,6.272,7.43,6.817,6.673,7.124,6.575,7.807,7.522,6.519,7.079,6.892,0.828,17.4
2026-05-20 21:00:00,7.141,5.426,6.868,6.392,6.318,7.023,5.385,4.964,6.494,6.168,6.986,6.479,6.314,6.536,6.353,7.494,7.059,6.06,6.723,6.63,0.644,17.3
2026-05-20 22:00:00,6.538,5.026,6.309,5.956,6.087,6.374,5.094,4.582,6.071,5.832,6.227,5.919,5.77,5.928,6.277,6.846,6.125,5.435,6.116,5.998,0.445,17.2
2026-05-20 23:00:00,6.275,4.839,5.963,5.79,5.836,6.068,4.8,4.397,5.758,5.605,6.082,5.659,5.524,5.686,5.991,6.516,5.848,5.432,5.862,5.842,0.299,17.3
2026-05-21 00:00:00,6.126,4.81,5.937,5.721,5.808,6.035,4.849,4.446,5.66,5.414,6.08,5.8,5.562,5.705,5.915,6.518,5.833,5.446,5.705,5.719,0.228,17.3
2026-05-21 01:00:00,6.211,4.991,6.078,5.975,5.989,6.16,5.015,4.466,5.797,5.593,6.246,5.928,5.808,5.847,6.02,6.629,5.916,5.578,5.92,6.029,0.181,17.3
2026-05-21 02:00:00,6.512,5.346,6.397,6.363,6.249,6.543,5.448,4.881,6.254,6.036,6.599,6.334,6.267,6.262,6.466,6.939,6.412,5.905,6.515,6.417,0.201,17.3
2026-05-21 03:00:00,6.79,5.598,6.636,6.534,6.402,6.878,5.667,5.166,6.5,6.195,6.846,6.551,6.4,6.444,6.726,7.166,6.663,6.428,6.838,6.794,0.254,17.4
2026-05-21 04:00:00,6.571,5.51,6.325,6.342,6.262,6.669,5.473,5.02,6.316,6.046,6.611,6.31,6.28,6.261,6.608,7.054,6.444,6.169,6.532,6.659,0.237,17.5
2026-05-21 05:00:00,6.219,5.178,6.089,6.108,5.956,6.232,5.183,4.719,6.037,5.777,6.423,6.028,5.963,6.118,6.255,6.67,6.154,5.686,6.272,6.281,0.206,17.7
2026-05-21 06:00:00,5.849,4.894,5.775,5.724,5.527,5.897,4.827,4.382,5.59,5.373,6.075,5.661,5.549,5.687,5.84,6.305,5.918,5.514,5.92,5.94,0.193,17.9
2026-05-21 07:00:00,5.351,4.42,5.311,5.324,4.975,5.336,4.394,4.06,5.166,5.01,5.604,5.201,5.136,5.252,5.433,5.8,5.474,5.117,5.393,5.439,0.219,18.2
2026-05-21 08:00:00,5.1,4.189,5.172,5.13,4.815,5.034,4.129,3.935,4.863,4.732,5.04,4.825,4.92,4.913,5.213,5.416,5.07,4.884,5.126,5.076,0.243,18.4
2026-05-21 09:00:00,4.586,3.846,4.651,4.755,4.487,4.566,3.786,3.529,4.585,4.288,4.495,4.382,4.518,4.464,4.851,4.889,4.523,4.56,4.715,4.65,0.201,18.7
2026-05-21 10:00:00,4.188,3.573,4.35,4.275,4.114,4.234,3.521,3.303,4.16,3.981,4.145,4.076,4.053,4.196,4.451,4.462,4.274,4.254,4.307,4.31,0.071,18.9
2026-05-21 11:00:00,4.275,3.614,4.231,4.325,4.257,4.254,3.44,3.324,4.217,4.11,4.345,4.172,4.19,4.25,4.748,4.504,4.379,4.496,4.55,4.546,0.003,19.1
2026-05-21 12:00:00,4.37,3.616,4.264,4.328,4.298,4.263,3.479,3.415,4.255,4.122,4.371,4.181,4.18,4.251,4.742,4.521,4.306,4.51,4.58,4.588,0.008,19.2
2026-05-21 13:00:00,4.573,3.892,4.452,4.506,4.433,4.439,3.697,3.546,4.392,4.31,4.555,4.391,4.319,4.445,4.758,4.722,4.49,4.513,4.67,4.63,0.09,19.3
2026-05-21 14:00:00,4.959,4.103,4.815,4.778,4.774,4.836,4.015,3.708,4.753,4.681,5.154,4.861,4.657,4.89,5.174,5.207,4.913,4.876,5.049,5.029,0.274,19.2
2026-05-21 15:00:00,5.218,4.568,5.093,5.144,4.881,5.31,4.142,4.074,5.042,4.9,5.514,4.848,4.846,5.19,5.335,5.474,5.198,5.107,5.327,5.137,0.416,19.2
2026-05-21 16:00:00,5.094,4.28,4.797,4.919,4.817,5.023,4.141,3.885,4.864,4.862,5.395,4.947,4.755,5.065,5.245,5.445,5.145,5.033,5.189,5.108,0.351,19.1
2026-05-21 17:00:00,5.308,4.526,4.861,5.106,5.092,5.285,4.449,4.128,5.031,4.839,5.865,5.178,4.989,5.044,5.406,5.782,5.248,5.037,5.28,5.308,0.212,19.0
2026-05-21 18:00:00,5.32,4.542,5.056,5.173,5.144,5.357,4.485,4.137,5.032,4.91,5.833,5.275,5.05,5.109,5.466,5.747,5.297,4.98,5.353,5.362,0.11,18.9
2026-05-21 19:00:00,5.279,4.416,4.936,5.045,5.05,5.241,4.445,4.092,4.984,4.852,5.58,5.144,5.062,5.131,5.429,5.425,5.272,4.966,5.323,5.265,0.077,18.7
2026-05-21 20:00:00,5.93,4.72,5.292,5.627,5.452,5.713,4.655,4.418,5.459,5.344,6.043,5.453,5.296,5.623,5.955,5.721,5.802,5.638,6.086,5.9,0.095,18.6
2026-05-21 21:00:00,5.95,4.903,5.565,5.947,5.729,5.758,4.831,4.675,5.634,5.594,6.066,5.656,5.411,5.861,6.01,5.835,5.98,5.648,5.934,6.024,0.14,18.4
2026-05-21 22:00:00,6.08,4.986,5.563,5.752,5.669,6.001,4.987,4.69,5.612,5.514,6.071,5.702,5.528,5.77,6.08,5.85,5.891,5.504,5.785,5.919,0.147,18.1
2026-05-21 23:00:00,5.963,4.92,5.558,5.764,5.752,6.093,4.928,4.636,5.599,5.625,6.226,5.774,5.557,5.723,5.937,5.857,5.82,5.487,5.693,5.681,0.108,17.8
2026-05-22 00:00:00,5.71,4.563,5.338,5.462,5.501,5.86,4.561,4.27,5.36,5.377,6.164,5.591,5.392,5.481,5.703,5.651,5.608,5.182,5.49,5.514,0.074,17.6
2026-05-22 01:00:00,5.47,4.311,5.079,5.158,5.227,5.629,4.324,4.01,5.144,5.068,5.956,5.346,5.153,5.219,5.419,5.398,5.323,4.91,5.227,5.293,0.048,17.3
2026-05-22 02:00:00,5.229,4.144,4.968,4.965,5.012,5.397,4.2,3.845,5.06,4.869,5.546,5.192,5.021,5.096,5.35,5.264,5.152,4.757,5.098,5.183,0.033,17.1
2026-05-22 03:00:00,4.965,3.928,4.703,4.775,4.765,5.085,4.011,3.752,4.757,4.501,5.361,4.895,4.862,4.829,5.023,5.163,4.943,4.697,4.782,4.958,0.024,17.0
2026-05-22 04:00:00,4.884,3.95,4.506,4.556,4.527,4.918,4.024,3.757,4.721,4.361,5.061,4.736,4.606,4.644,4.854,4.959,4.845,4.65,4.724,4.779,0.016,17.1
2026-05-22 05:00:00,4.951,3.94,4.466,4.578,4.547,4.932,3.931,3.588,4.628,4.479,4.612,4.894,4.43,4.79,4.8,4.71,4.567,4.306,4.584,4.698,0.012,17.3
2026-05-22 06:00:00,4.71,3.844,4.269,4.402,4.403,4.681,3.798,3.439,4.375,4.27,4.349,4.641,4.227,4.569,4.514,4.466,4.315,3.99,4.326,4.414,0.006,17.5
2026-05-22 07:00:00,4.856,3.908,4.315,4.699,4.848,4.757,3.974,3.52,4.728,4.395,4.663,4.753,4.355,4.606,4.903,4.713,4.475,4.25,4.628,4.707,0.003,17.9
2026-05-22 08:00:00,4.927,3.894,4.293,4.645,4.864,4.817,3.901,3.695,4.708,4.409,4.558,4.81,4.476,4.631,4.943,4.796,4.515,4.268,4.721,4.606,0.001,18.3
2026-05-22 09:00:00,4.806,3.776,4.518,4.619,4.863,4.604,3.804,3.561,4.746,4.588,4.511,4.779,4.444,4.58,5.196,4.736,4.564,4.272,4.764,4.87,0.0,18.9
2026-05-22 10:00:00,4.428,3.66,4.439,4.613,4.752,4.379,3.709,3.53,4.626,4.495,4.218,4.578,4.429,4.381,5.142,4.446,4.413,4.253,4.693,4.824,0.002,19.5
2026-05-22 11:00:00,4.508,3.927,4.532,4.658,4.837,4.526,3.808,3.764,4.675,4.761,4.108,4.597,4.741,4.462,5.231,4.354,4.368,4.345,4.733,5.09,0.012,20.3
2026-05-22 12:00:00,4.408,3.956,4.57,4.487,4.598,4.544,3.775,3.836,4.433,4.853,3.892,4.534,4.677,4.406,4.821,4.43,4.488,4.374,4.649,5.022,0.031,21.1
2026-05-22 13:00:00,5.205,4.354,5.257,5.207,5.123,5.069,4.168,4.189,5.106,5.493,4.696,5.128,5.33,4.949,5.625,5.194,5.305,5.207,5.287,5.738,0.06,21.5
2026-05-22 14:00:00,5.956,4.713,5.987,5.87,5.79,5.834,4.712,4.639,5.764,6.112,5.301,5.767,5.977,5.58,6.258,5.976,6.067,5.97,6.058,6.494,0.093,21.8
2026-05-22 15:00:00,6.231,5.163,6.719,6.246,6.676,6.183,4.934,4.91,6.194,6.367,5.751,6.111,6.41,5.906,6.619,6.15,6.421,5.748,6.272,6.788,0.078,22.0
2026-05-22 16:00:00,6.78,5.677,7.572,7.304,7.457,6.706,5.264,5.311,7.001,7.348,6.503,6.665,6.758,6.263,7.418,6.701,6.985,6.453,6.83,7.366,0.024,21.9
2026-05-22 17:00:00,7.853,6.716,8.41,8.086,8.23,7.724,5.953,5.984,7.717,8.409,7.096,7.542,7.929,7.214,9.267,8.143,8.254,7.678,8.103,8.89,0.001,21.7
2026-05-22 18:00:00,8.067,6.757,8.655,8.397,8.432,7.922,6.567,6.28,7.949,8.393,7.646,7.613,7.698,7.548,8.699,7.868,8.358,8.117,8.23,8.869,0.021,21.4
2026-05-22 19:00:00,8.205,7.019,8.778,8.419,8.63,8.051,6.656,6.331,7.842,8.548,7.925,7.751,7.779,7.604,8.935,8.024,7.879,8.196,8.264,8.964,0.11,21.0
2026-05-22 20:00:00,8.179,6.838,8.62,8.224,8.455,7.998,6.902,6.502,7.974,7.887,7.943,7.819,7.904,7.878,8.52,8.196,7.948,7.793,8.085,8.543,0.291,20.4
2026-05-22 21:00:00,8.201,6.743,8.42,8.145,7.949,7.973,6.695,6.26,7.951,7.563,7.872,7.804,7.768,7.83,8.162,8.196,7.837,7.451,7.829,8.32,0.461,20.0
2026-05-22 22:00:00,7.013,5.753,6.897,6.994,6.73,6.789,5.566,5.151,6.746,6.376,6.794,6.672,6.634,6.648,6.945,6.888,6.643,5.735,6.482,6.928,0.434,19.3
2026-05-22 23:00:00,6.553,5.429,6.348,6.585,6.538,6.372,5.277,4.988,6.409,6.187,6.244,6.245,6.345,6.386,6.846,6.527,6.395,5.698,6.407,6.573,0.342,19.0
2026-05-23 00:00:00,6.189,5.161,6.224,6.296,6.291,5.94,5.018,4.681,5.976,5.913,6.066,5.876,5.917,5.914,6.537,6.398,6.248,5.573,6.125,6.381,0.213,18.9
2026-05-23 01:00:00,6.166,5.007,6.13,6.098,6.134,5.881,4.943,4.578,5.872,5.773,6.012,5.794,5.802,5.853,6.436,6.305,6.308,5.386,5.988,6.54,0.128,18.8
2026-05-23 02:00:00,6.026,4.779,6.05,5.977,6.137,5.789,4.806,4.631,5.84,5.688,6.002,5.707,5.689,5.723,6.192,6.361,6.232,5.211,5.889,6.007,0.063,18.7
2026-05-23 03:00:00,6.261,5.093,6.183,6.005,5.953,5.87,5.088,4.699,5.815,5.579,6.075,5.55,5.659,5.636,5.975,6.327,6.06,5.369,5.935,5.808,0.05,18.7
2026-05-23 04:00:00,6.325,5.168,6.457,6.158,6.06,5.944,5.252,4.848,5.785,5.695,6.227,5.816,5.83,5.818,6.107,6.589,6.304,5.531,6.082,5.917,0.062,18.7
2026-05-23 05:00:00,6.639,5.446,6.668,6.516,6.375,6.247,5.517,5.254,6.306,6.058,6.535,6.234,6.346,6.344,6.448,6.711,6.895,6.248,6.584,6.577,0.092,18.8
2026-05-23 06:00:00,6.958,5.814,7.049,6.748,6.852,6.574,5.806,5.563,6.494,6.368,6.749,6.532,6.739,6.64,6.883,7.026,7.2,6.643,7.045,7.017,0.139,18.9
2026-05-23 07:00:00,7.464,6.204,7.574,7.216,7.605,6.974,6.182,6.041,6.972,6.894,7.058,7.059,7.181,6.875,7.457,7.627,7.418,6.986,7.463,7.299,0.18,19.2
2026-05-23 08:00:00,8.051,6.911,8.596,7.61,8.301,7.288,6.828,6.579,7.481,7.871,7.627,7.608,7.799,7.552,7.965,7.644,7.903,7.273,7.791,7.925,0.25,19.4
2026-05-23 09:00:00,8.137,6.912,8.341,8.162,8.3,7.525,6.765,6.595,7.483,7.92,7.624,7.604,7.877,7.609,8.215,7.605,8.08,7.393,7.931,7.722,0.284,19.7
2026-05-23 10:00:00,7.485,6.383,7.151,6.496,7.506,7.192,6.109,5.867,6.619,6.668,6.593,6.923,6.902,6.64,7.226,7.084,7.198,5.969,7.212,7.024,0.321,19.7
2026-05-23 11:00:00,7.16,6.238,6.718,6.571,6.838,6.769,5.834,5.852,6.584,6.861,6.055,6.681,6.528,6.475,6.928,6.265,6.412,5.806,7.257,6.584,0.368,19.7
2026-05-23 12:00:00,7.681,6.239,7.034,6.652,7.069,6.929,6.172,5.988,6.875,7.236,6.527,6.878,6.582,6.568,6.887,5.948,6.494,6.008,7.093,6.887,0.461,19.7
2026-05-23 13:00:00,7.654,6.234,6.582,6.503,7.069,7.113,6.066,5.941,6.908,7.276,6.369,6.789,6.417,6.596,6.785,5.917,6.332,5.966,6.959,6.814,0.576,19.7
2026-05-23 14:00:00,7.693,6.062,6.716,6.572,7.08,7.442,5.945,5.613,7.105,7.418,6.675,6.706,6.377,6.649,6.715,6.317,6.521,5.977,6.972,6.694,0.724,19.8
2026-05-23 15:00:00,7.82,6.22,6.847,6.562,7.106,7.093,6.265,5.902,7.199,7.349,7.246,7.244,7.064,6.607,7.426,6.856,7.255,6.376,7.409,7.356,0.831,19.8
2026-05-23 16:00:00,7.937,6.6,7.024,7.219,7.88,7.277,6.396,6.703,7.518,7.69,7.214,7.492,7.924,7.514,7.841,7.304,7.376,8.214,7.978,8.058,0.797,19.7
2026-05-23 17:00:00,8.146,6.227,7.267,7.181,7.359,7.372,6.388,6.513,7.61,7.368,7.595,7.33,7.971,7.277,7.678,7.697,7.867,7.926,7.967,7.925,0.692,19.5
2026-05-23 18:00:00,8.444,6.542,7.417,7.567,7.393,7.887,6.506,6.51,8.266,7.877,8.24,7.654,8.115,7.709,8.111,8.621,8.18,8.112,8.17,8.466,0.573,19.2
2026-05-23 19:00:00,8.732,7.06,7.988,7.606,7.598,7.918,6.81,6.607,8.117,7.757,8.672,8.062,7.982,7.808,7.92,8.669,8.333,8.08,8.06,8.494,0.467,18.7
2026-05-23 20:00:00,8.226,6.728,7.564,7.587,7.156,7.829,6.592,6.527,7.548,7.214,8.528,7.733,7.596,7.839,7.513,8.261,8.137,7.989,7.808,8.238,0.326,18.1
2026-05-23 21:00:00,7.588,6.13,7.317,6.904,6.763,7.444,6.097,6.027,7.039,6.727,7.878,7.1,6.975,7.235,7.032,7.895,7.769,7.349,7.267,7.713,0.266,17.7
2026-05-23 22:00:00,7.308,5.861,7.075,6.723,6.489,7.176,5.808,5.764,6.911,6.554,7.592,6.825,6.751,7.13,6.811,7.514,7.341,7.224,7.0,7.487,0.252,17.5
2026-05-23 23:00:00,7.106,5.726,6.888,6.587,6.243,7.005,5.735,5.625,6.724,6.299,7.417,6.567,6.582,6.863,6.608,7.317,7.154,7.007,6.933,7.289,0.252,17.4
2026-05-24 00:00:00,6.81,5.739,6.677,6.408,6.353,6.824,5.587,5.592,6.692,6.188,7.01,6.415,6.582,6.431,6.624,6.98,6.763,6.624,6.834,6.948,0.266,17.3
2026-05-24 01:00:00,6.421,5.464,6.42,6.089,6.103,6.45,5.273,5.192,6.43,5.778,6.665,6.139,6.262,6.315,6.392,6.591,6.513,6.419,6.656,6.772,0.282,17.3
2026-05-24 02:00:00,6.267,5.345,6.134,6.046,5.83,6.159,5.143,4.881,6.264,5.841,6.427,5.883,6.083,6.096,6.175,6.481,6.351,6.208,6.49,6.465,0.27,17.3
2026-05-24 03:00:00,6.047,4.973,6.009,5.683,5.546,5.903,4.749,4.487,5.931,5.523,6.203,5.629,5.914,5.886,5.936,6.223,6.265,5.928,6.097,6.243,0.231,17.4
2026-05-24 04:00:00,5.468,4.454,5.374,5.226,5.272,5.343,4.287,4.239,5.351,5.285,5.787,5.086,5.294,5.359,5.528,5.585,5.706,5.346,5.741,5.669,0.147,17.3
2026-05-24 05:00:00,5.211,3.704,4.705,4.754,4.884,5.039,3.79,3.499,4.913,4.507,5.482,4.71,4.591,4.904,4.976,5.378,5.108,4.763,5.126,5.149,0.065,17.2
2026-05-24 06:00:00,4.657,3.395,4.384,4.41,4.411,4.534,3.388,3.17,4.381,4.05,4.803,4.337,4.168,4.273,4.427,5.041,4.561,4.284,4.459,4.696,0.023,17.3
2026-05-24 07:00:00,4.338,3.432,4.186,4.01,4.134,4.344,3.547,3.251,4.156,3.915,4.584,4.391,3.988,4.085,4.126,4.835,4.428,4.124,4.203,4.326,0.012,17.5
2026-05-24 08:00:00,4.027,3.438,3.624,3.935,3.95,4.038,3.345,3.264,4.01,3.85,4.221,4.008,3.682,4.022,4.011,4.301,3.958,4.011,3.914,4.044,0.016,17.9
2026-05-24 09:00:00,4.048,3.564,3.733,3.995,3.971,4.042,3.399,3.234,3.962,3.739,4.332,4.059,3.877,4.055,4.025,4.187,3.915,3.953,3.9,4.062,0.018,18.4
2026-05-24 10:00:00,4.042,3.689,3.659,3.915,3.797,4.112,3.541,3.344,3.971,3.648,4.652,4.102,3.928,4.072,4.062,4.401,4.03,4.217,4.069,4.225,0.005,18.8
2026-05-24 11:00:00,4.245,3.811,3.822,4.062,4.017,4.155,3.792,3.559,4.102,3.937,4.602,4.207,4.056,4.165,4.183,4.602,4.213,4.321,4.197,4.3,0.002,19.2
2026-05-24 12:00:00,4.609,3.847,4.117,4.348,4.431,4.444,3.801,3.698,4.316,4.293,4.611,4.444,4.57,4.4,4.597,4.733,4.573,4.454,4.47,4.879,0.028,19.6
2026-05-24 13:00:00,4.96,4.203,4.5,4.745,4.771,4.826,4.055,3.96,4.624,4.696,5.044,4.749,4.892,4.731,4.901,5.116,5.006,4.847,4.826,5.205,0.096,19.8
2026-05-24 14:00:00,5.177,4.481,4.737,4.905,4.952,5.027,4.395,4.231,4.933,4.996,5.315,4.981,5.096,5.045,5.006,5.324,5.282,5.108,5.023,5.387,0.233,20.0
2026-05-24 15:00:00,5.159,4.569,4.867,4.917,4.972,5.087,4.407,4.202,4.993,5.096,5.448,5.08,5.08,5.025,5.069,5.359,5.23,5.151,5.046,5.527,0.323,20.0
2026-05-24 16:00:00,5.348,4.61,4.746,4.983,5.051,5.189,4.516,4.226,5.006,4.88,5.557,5.121,5.071,5.067,5.054,5.49,5.217,5.237,5.17,5.279,0.284,19.6
2026-05-24 17:00:00,5.09,4.286,4.45,4.77,4.733,5.006,4.233,3.919,4.728,4.604,5.366,4.89,4.768,4.839,4.796,5.222,4.933,4.929,4.881,5.012,0.18,19.1
2026-05-24 18:00:00,4.936,4.052,4.222,4.586,4.538,4.777,3.968,3.704,4.43,4.333,5.077,4.619,4.465,4.568,4.671,4.963,4.64,4.675,4.722,4.827,0.103,18.7
2026-05-24 19:00:00,4.638,3.808,3.768,4.067,4.178,4.468,3.792,3.586,4.151,3.891,4.608,4.266,4.094,4.197,4.39,4.422,4.284,4.44,4.508,4.518,0.048,18.3
2026-05-24 20:00:00,4.188,3.549,3.428,3.747,3.734,4.225,3.546,3.348,3.677,3.541,4.419,3.952,3.629,3.698,3.886,4.063,3.953,3.882,3.961,4.079,0.018,17.9
2026-05-24 21:00:00,4.222,3.445,3.608,4.173,3.756,4.325,3.523,3.363,3.872,3.488,4.462,4.026,3.767,3.859,3.998,4.083,4.128,3.947,4.193,4.258,0.009,17.8
2026-05-24 22:00:00,4.145,3.59,3.613,4.237,3.947,4.355,3.605,3.374,3.98,3.729,4.299,3.99,3.824,4.084,4.089,4.223,4.257,3.924,4.124,4.252,0.008,17.7
2026-05-24 23:00:00,4.051,3.507,3.658,3.95,3.818,4.077,3.402,3.262,3.68,3.545,4.075,3.811,3.608,3.802,4.074,3.94,3.878,3.739,3.836,4.08,0.009,17.8
2026-05-25 00:00:00,4.137,3.802,4.042,4.138,3.917,3.975,3.399,3.45,3.768,3.72,4.183,4.456,3.808,4.47,4.329,3.951,3.932,3.623,4.031,3.913,0.015,18.3
2026-05-25 01:00:00,4.35,3.876,4.271,4.398,4.153,4.19,3.542,3.6,4.015,3.918,4.451,4.678,4.041,4.682,4.69,4.196,4.145,3.907,4.273,4.172,0.028,18.2
2026-05-25 02:00:00,4.387,3.988,4.319,4.537,4.359,4.347,3.697,3.677,4.104,4.065,4.581,4.736,4.173,4.793,4.754,4.325,4.295,4.089,4.417,4.39,0.041,18.1
2026-05-25 03:00:00,4.469,4.054,4.369,4.604,4.395,4.436,3.765,3.691,4.169,4.087,4.631,4.825,4.263,4.881,4.836,4.402,4.372,4.113,4.492,4.481,0.047,18.0
2026-05-25 04:00:00,4.374,3.974,4.374,4.546,4.358,4.347,3.685,3.611,4.127,4.063,4.551,4.745,4.189,4.827,4.776,4.41,4.292,4.127,4.412,4.223,0.045,18.0
2026-05-25 05:00:00,4.288,3.99,4.287,4.464,4.271,4.271,3.632,3.524,4.068,3.968,4.464,4.682,4.122,4.74,4.695,4.324,4.206,4.04,4.24,4.141,0.054,18.0
2026-05-25 06:00:00,4.284,3.973,4.175,4.311,4.118,4.223,3.651,3.589,3.95,3.831,4.473,4.636,3.908,4.632,4.365,4.287,4.189,3.989,4.14,4.06,0.062,18.3
2026-05-25 07:00:00,4.292,3.962,4.205,4.254,4.129,4.145,3.698,3.618,3.989,3.82,4.426,4.675,4.063,4.717,4.454,4.357,4.25,4.105,4.128,4.019,0.088,19.0
2026-05-25 08:00:00,4.565,4.09,4.4,4.494,4.323,4.39,3.789,3.81,4.193,4.096,4.622,4.895,4.32,4.943,4.604,4.517,4.395,4.356,4.426,4.272,0.136,20.0
2026-05-25 09:00:00,4.561,4.21,4.56,4.621,4.366,4.375,4.005,3.913,4.343,4.43,4.654,4.877,4.535,5.024,4.755,4.695,4.565,4.575,4.576,4.717,0.186,21.0
2026-05-25 10:00:00,4.528,4.244,4.573,4.595,4.288,4.344,3.915,3.977,4.303,4.4,4.807,4.822,4.368,4.956,4.781,4.659,4.715,4.372,4.489,4.701,0.235,21.9
2026-05-25 11:00:00,4.485,4.175,4.318,4.628,4.366,4.336,3.906,3.989,4.331,4.48,4.742,4.783,4.413,5.071,4.89,4.799,4.939,4.752,4.578,4.986,0.317,22.9
2026-05-25 12:00:00,5.084,4.311,4.647,5.06,4.733,4.918,4.221,4.257,4.698,4.959,5.024,5.157,4.88,5.504,5.341,5.28,5.353,5.056,5.072,5.432,0.429,23.6
2026-05-25 13:00:00,5.179,4.34,4.902,5.197,5.02,5.001,4.317,4.51,5.037,5.33,5.092,5.431,5.162,5.606,5.504,5.519,5.692,5.432,5.464,5.766,0.564,23.6
2026-05-25 14:00:00,5.4,4.586,5.192,5.471,5.311,5.273,4.649,4.776,5.197,5.497,5.423,5.882,5.407,5.84,5.794,5.669,5.957,5.531,5.768,5.911,0.727,23.1
2026-05-25 15:00:00,5.468,4.649,5.214,5.438,5.355,5.36,4.765,4.757,5.229,5.595,5.512,5.886,5.306,5.913,6.025,5.775,5.437,5.292,5.494,5.897,0.753,22.6
2026-05-25 16:00:00,5.808,4.798,5.596,5.707,5.712,5.666,5.024,4.984,5.548,5.904,5.896,6.271,5.585,6.235,6.383,5.859,5.738,5.481,5.709,6.228,0.602,21.9
2026-05-25 17:00:00,6.545,5.399,6.33,6.469,6.192,6.345,5.292,5.473,6.011,6.044,6.622,6.825,6.31,6.481,6.993,6.661,6.073,6.119,6.276,6.016,0.416,21.1
2026-05-25 18:00:00,6.947,5.787,6.397,6.853,6.729,6.811,5.981,5.921,6.433,6.322,7.172,7.243,6.859,6.93,7.287,7.18,6.759,6.444,6.661,6.262,0.284,20.3
2026-05-25 19:00:00,6.591,5.463,6.072,6.806,6.614,6.687,5.864,5.633,6.419,6.127,6.867,7.096,6.757,6.683,7.17,6.931,6.834,6.19,6.697,6.415,0.224,19.7
2026-05-25 20:00:00,6.119,5.132,6.119,6.556,6.565,6.302,5.594,5.349,6.055,5.914,6.617,6.678,6.28,6.464,6.977,6.577,6.402,5.848,6.411,6.001,0.206,19.3
2026-05-25 21:00:00,5.904,4.963,5.85,6.335,6.382,6.046,5.452,5.2,5.856,5.77,6.197,6.499,5.926,6.179,6.771,6.326,6.018,5.484,6.172,5.818,0.226,19.0
2026-05-25 22:00:00,5.743,4.773,5.35,5.834,5.615,5.849,5.248,4.941,5.46,5.5,6.411,6.371,5.285,6.078,5.867,5.902,5.154,5.101,5.344,5.267,0.25,18.7
2026-05-25 23:00:00,5.657,4.739,5.117,5.41,5.284,5.945,5.108,4.878,5.178,5.069,6.177,6.127,5.031,5.897,5.56,5.678,4.945,5.063,5.186,5.223,0.258,18.5
2026-05-26 00:00:00,5.971,4.983,5.355,5.581,5.335,6.007,5.348,5.04,5.411,5.353,6.535,6.399,5.204,6.052,5.89,6.114,5.032,5.323,5.411,5.811,0.268,18.4
2026-05-26 01:00:00,6.26,5.142,5.533,5.6,5.621,6.227,5.487,5.305,5.628,5.286,6.875,6.648,5.468,6.151,6.075,6.349,5.233,5.522,5.471,6.162,0.272,18.2
2026-05-26 02:00:00,6.182,5.073,5.699,5.693,5.706,6.349,5.201,5.165,5.527,5.129,6.737,6.506,5.528,6.192,6.074,6.341,5.402,5.606,5.614,6.26,0.274,17.9
2026-05-26 03:00:00,8.533,7.654,8.246,8.208,8.201,9.297,7.849,7.565,7.936,8.033,9.037,9.117,7.728,8.849,8.132,8.379,7.817,8.165,8.046,8.407,0.276,17.6
2026-05-26 04:00:00,8.381,7.521,8.047,7.896,7.67,9.087,7.664,7.38,7.822,7.693,8.923,8.823,7.515,8.61,7.921,8.236,7.632,7.98,7.764,8.262,0.299,17.6
2026-05-26 05:00:00,8.106,7.373,7.849,7.827,7.429,8.862,7.451,7.234,7.521,7.645,8.698,8.56,7.252,8.434,7.647,8.068,7.295,7.658,7.562,8.029,0.378,17.7
2026-05-26 06:00:00,7.922,6.95,7.669,7.612,7.296,8.636,7.213,6.992,7.222,7.371,8.553,8.33,7.033,8.163,7.361,7.891,7.224,7.221,7.042,7.707,0.484,17.9
2026-05-26 07:00:00,7.665,6.912,7.543,7.329,7.097,8.139,7.19,6.878,7.064,7.314,8.131,8.042,6.786,7.872,7.278,7.687,6.996,7.174,6.817,7.391,0.618,18.2
2026-05-26 08:00:00,7.596,6.867,7.036,7.123,6.92,7.648,7.14,6.839,7.119,7.265,7.817,7.998,6.955,7.717,7.096,7.682,6.74,7.182,6.813,7.403,0.828,18.7
2026-05-26 09:00:00,7.757,7.083,7.302,7.298,7.113,7.703,7.331,7.101,7.304,7.547,8.015,8.236,7.188,7.981,7.323,7.561,7.022,7.4,7.178,7.561,0.989,19.2
2026-05-26 10:00:00,8.19,7.654,7.662,7.699,7.702,8.521,7.681,7.574,7.568,8.2,8.513,8.801,7.638,8.497,7.743,7.769,7.247,7.748,7.556,7.857,1.049,19.5
2026-05-26 11:00:00,8.681,8.137,7.961,8.01,8.072,8.872,7.962,7.989,8.088,8.495,8.945,9.189,7.938,8.812,8.043,8.198,7.578,7.922,7.852,7.894,0.993,19.9
2026-05-26 12:00:00,8.964,8.203,8.053,8.198,8.151,8.948,8.009,8.108,8.179,8.547,9.188,9.348,8.053,8.926,8.07,8.213,7.567,7.935,7.932,7.956,0.939,20.2
2026-05-26 13:00:00,8.705,7.85,7.659,7.807,7.808,8.585,7.653,7.74,7.741,8.245,8.808,8.975,7.663,8.506,7.633,7.76,7.235,7.495,7.492,7.574,0.862,20.4
2026-05-26 14:00:00,8.046,7.175,7.176,7.274,7.18,8.157,7.127,6.956,7.139,7.485,8.217,8.459,6.961,7.93,7.063,7.038,6.573,6.975,6.845,7.155,0.793,20.5
2026-05-26 15:00:00,7.659,6.689,7.155,7.181,6.878,7.615,6.924,6.629,7.031,7.386,7.872,7.999,6.889,7.788,7.143,6.871,6.53,6.636,6.656,6.753,0.703,20.4
2026-05-26 16:00:00,7.949,6.815,7.488,7.471,7.309,7.936,7.047,6.718,7.324,7.686,8.099,8.173,7.209,7.955,7.532,7.165,6.847,6.851,7.111,7.277,0.658,20.0
2026-05-26 17:00:00,8.303,7.032,7.72,7.805,7.667,8.394,7.121,6.974,7.573,7.978,8.506,8.548,7.517,8.321,7.878,7.63,7.064,7.202,7.396,7.551,0.602,19.4
2026-05-26 18:00:00,8.414,7.408,7.865,7.995,7.869,8.604,7.358,7.218,7.737,8.275,8.596,8.693,7.673,8.554,8.226,7.775,7.209,7.315,7.554,7.739,0.548,18.8
2026-05-26 19:00:00,8.398,7.463,7.946,8.147,8.064,8.832,7.491,7.314,7.996,8.464,8.606,8.858,7.964,8.634,8.437,8.04,7.692,7.597,7.97,8.168,0.501,18.2
2026-05-26 20:00:00,8.467,7.549,8.038,8.232,8.138,8.905,7.573,7.293,8.169,8.392,8.762,8.897,8.53,8.81,8.623,8.208,7.805,7.625,7.944,8.395,0.434,17.5
2026-05-26 21:00:00,8.561,7.609,8.304,8.289,8.142,9.054,7.719,7.316,8.061,8.303,8.862,8.789,8.377,8.808,8.578,8.072,7.869,7.62,7.983,8.301,0.342,17.0
2026-05-26 22:00:00,8.02,7.016,7.842,7.919,7.667,8.48,7.049,6.854,7.632,7.875,8.38,8.316,8.044,8.427,8.336,7.621,7.53,7.325,7.688,8.006,0.25,16.8
2026-05-26 23:00:00,7.592,6.763,7.43,7.507,7.313,7.994,6.597,6.396,7.276,7.409,7.895,7.866,7.88,8.088,7.913,7.262,7.833,7.029,7.656,7.744,0.167,16.8
2026-05-27 00:00:00,7.082,6.409,6.972,7.027,6.828,7.5,6.192,5.92,6.77,6.978,7.353,7.362,7.359,7.587,7.451,6.831,7.384,6.618,7.132,7.199,0.116,16.8
2026-05-27 01:00:00,6.651,5.786,6.599,6.575,6.345,6.903,5.564,5.529,6.283,6.608,6.773,6.922,6.867,7.159,7.057,6.363,6.864,6.214,6.703,6.752,0.082,16.6
2026-05-27 02:00:00,6.167,5.34,6.162,6.189,5.939,6.472,5.155,5.063,5.832,6.162,6.302,6.542,6.353,6.729,6.517,6.022,6.424,5.703,6.263,6.312,0.063,16.3
2026-05-27 03:00:00,5.607,4.935,5.61,5.676,5.489,5.953,4.82,4.606,5.376,5.67,5.812,6.035,5.847,6.193,5.904,5.704,5.909,5.221,5.712,5.836,0.054,16.2
2026-05-27 04:00:00,4.872,4.378,4.752,5.047,4.803,5.114,4.172,4.146,4.649,4.674,5.186,5.229,5.022,5.433,5.074,4.994,5.115,4.483,4.926,5.034,0.054,16.2
2026-05-27 05:00:00,4.008,3.996,3.907,4.272,3.873,4.264,3.494,3.557,3.884,3.849,4.073,4.421,4.125,4.671,4.115,4.206,4.116,3.524,3.861,4.092,0.054,16.4
2026-05-27 06:00:00,3.538,3.728,3.605,3.842,3.581,3.96,3.309,3.341,3.397,3.366,3.796,4.089,3.659,4.309,3.808,3.838,3.811,3.044,3.471,3.655,0.056,16.9
2026-05-27 07:00:00,3.682,3.842,3.575,3.901,3.71,3.879,3.476,3.539,3.591,3.468,3.779,4.301,3.514,4.49,3.908,4.012,3.844,3.43,3.563,3.583,0.062,18.0
2026-05-27 08:00:00,4.512,4.058,4.162,4.437,4.266,4.471,3.76,3.842,4.105,4.071,4.559,4.8,4.167,4.903,4.464,4.445,4.46,4.133,4.309,4.358,0.081,19.4
2026-05-27 09:00:00,5.398,4.411,5.05,5.208,5.035,5.197,4.178,4.279,4.859,4.963,5.36,5.638,4.935,5.694,5.309,5.001,5.297,4.775,5.068,5.144,0.097,20.6
2026-05-27 10:00:00,6.07,4.968,5.66,5.996,5.677,5.992,4.785,5.005,5.63,5.872,6.077,6.445,5.882,6.482,6.354,5.407,6.132,5.503,5.879,5.954,0.118,21.6
2026-05-27 11:00:00,6.796,5.66,6.231,6.584,6.217,6.669,5.502,5.766,6.329,6.464,6.71,7.066,6.683,7.028,6.919,6.3,6.901,6.483,6.553,6.621,0.136,22.5
2026-05-27 12:00:00,7.653,6.376,7.232,7.46,7.483,7.242,6.184,6.525,7.047,7.187,7.56,7.68,7.604,7.533,7.747,7.992,7.792,7.244,7.357,7.318,0.167,23.2
2026-05-27 13:00:00,9.043,7.556,9.093,8.889,8.901,8.558,7.235,7.374,8.257,8.765,8.347,8.687,8.851,8.457,9.244,9.436,9.35,8.7,8.523,8.7,0.206,23.4
2026-05-27 14:00:00,10.401,8.646,10.146,10.271,10.128,10.293,7.938,8.749,9.576,10.026,10.238,9.896,10.042,9.758,10.347,10.978,10.92,9.592,9.995,9.853,0.226,23.4
2026-05-27 15:00:00,10.774,9.116,10.616,10.645,10.607,10.743,8.676,9.143,10.071,10.537,10.713,10.397,10.588,10.264,10.615,11.448,11.262,10.027,10.358,10.357,0.217,23.1
2026-05-27 16:00:00,10.058,8.454,10.265,10.166,10.091,9.846,8.029,8.014,9.469,9.782,9.407,9.844,10.193,10.03,10.043,10.327,10.309,9.463,9.743,9.696,0.172,22.2
2026-05-27 17:00:00,8.897,7.369,8.467,8.224,8.704,8.532,7.115,6.994,7.768,7.945,8.661,8.709,8.769,8.219,8.987,9.54,9.596,8.277,8.263,8.121,0.101,21.1
2026-05-27 18:00:00,7.803,6.455,7.306,7.261,7.223,7.626,6.29,6.153,6.911,7.038,7.619,7.901,7.85,7.481,8.033,8.624,8.676,7.372,7.317,7.276,0.058,20.0
2026-05-27 19:00:00,7.173,5.944,6.576,6.559,6.578,7.222,5.801,5.768,6.511,6.711,7.162,7.352,7.092,7.135,7.277,8.278,8.28,6.524,7.113,6.988,0.021,19.1
2026-05-27 20:00:00,6.174,5.184,5.805,5.962,5.804,6.353,5.028,5.066,5.749,6.007,6.03,6.513,6.02,6.581,6.283,5.659,6.382,5.674,6.304,6.177,0.004,18.2
2026-05-27 21:00:00,5.394,4.562,5.145,5.381,5.407,5.591,4.297,4.222,5.072,5.48,5.199,5.789,5.219,5.998,5.821,5.239,5.371,4.882,5.571,5.373,0.0,17.6
2026-05-27 22:00:00,4.767,4.227,5.005,5.157,4.961,5.075,3.924,3.995,4.647,4.83,4.745,5.362,5.1,5.389,5.329,4.806,4.903,4.632,5.042,5.513,0.002,17.0
2026-05-27 23:00:00,4.407,4.085,4.613,4.417,4.434,4.509,3.816,3.848,4.132,4.124,4.383,4.891,4.588,4.95,4.661,4.369,4.363,3.813,4.408,4.475,0.013,16.7
2026-05-28 00:00:00,4.469,4.313,4.614,4.562,4.606,4.758,4.068,4.029,4.192,4.193,4.833,4.991,4.614,5.083,4.749,4.523,4.63,3.993,4.534,4.462,0.031,16.5
2026-05-28 01:00:00,4.943,4.527,5.104,5.009,5.08,5.155,4.247,4.372,4.596,4.659,5.192,5.383,5.122,5.538,5.274,4.948,4.929,4.486,5.008,4.915,0.059,16.2
2026-05-28 02:00:00,5.652,4.959,5.65,5.541,5.769,5.822,4.882,4.786,5.178,5.299,5.875,5.964,5.774,6.096,5.933,5.514,5.493,5.18,5.684,5.892,0.089,15.9
2026-05-28 03:00:00,6.207,5.547,6.159,6.291,6.332,6.462,5.297,5.191,5.806,6.031,6.487,6.355,6.2,6.515,6.452,5.705,6.075,5.899,6.272,6.707,0.114,15.9
2026-05-28 04:00:00,6.101,5.487,6.168,6.145,6.399,6.299,5.31,5.235,5.702,5.988,6.314,6.313,6.202,6.538,6.666,5.757,5.976,5.617,6.224,6.84,0.11,16.0
2026-05-28 05:00:00,5.58,5.231,5.902,5.905,6.031,5.903,5.044,4.929,5.487,5.648,5.963,6.122,5.952,6.339,6.34,5.817,5.697,5.333,5.759,6.106,0.091,16.3
2026-05-28 06:00:00,5.257,4.683,5.466,5.495,5.556,5.463,4.629,4.615,5.172,5.164,5.444,5.79,5.618,5.972,5.841,5.554,5.409,4.824,5.344,5.601,0.071,17.0
2026-05-28 07:00:00,4.73,4.233,5.09,5.034,5.074,4.782,4.234,4.197,4.662,4.729,4.789,5.284,4.761,5.478,5.328,4.91,4.883,4.46,4.785,4.902,0.055,18.4
2026-05-28 08:00:00,4.304,4.147,4.533,4.555,4.511,4.3,3.794,3.953,4.152,4.219,4.413,4.733,4.294,4.931,4.784,4.435,4.351,4.081,4.339,4.319,0.045,20.2
2026-05-28 09:00:00,3.969,3.778,4.19,4.155,4.072,3.856,3.479,3.608,3.784,3.88,3.986,4.461,3.919,4.582,4.517,3.829,3.942,3.539,3.992,3.985,0.028,21.6
2026-05-28 10:00:00,3.342,3.561,3.531,3.438,3.522,3.263,3.171,3.516,3.152,3.562,3.395,3.907,3.35,3.968,3.648,3.302,3.67,3.149,3.286,3.648,0.012,22.3
2026-05-28 11:00:00,3.275,3.653,3.162,3.478,3.27,3.352,3.184,3.484,3.181,3.371,3.656,3.989,3.158,4.007,3.519,3.338,3.562,3.224,3.143,3.633,0.024,22.7
2026-05-28 12:00:00,3.497,3.66,3.316,3.623,3.413,3.513,3.197,3.54,3.368,3.494,3.601,4.13,3.311,4.202,3.583,3.369,3.74,3.242,3.293,3.749,0.077,23.0
2026-05-28 13:00:00,3.91,4.042,3.739,4.022,3.727,3.912,3.488,3.755,3.742,3.812,3.909,4.36,3.657,4.537,3.968,3.733,4.195,3.643,3.679,4.089,0.19,23.4
2026-05-28 14:00:00,4.51,4.504,4.138,4.436,4.253,4.407,4.048,4.225,4.243,4.278,4.391,5.118,3.892,5.029,4.322,4.087,4.008,3.825,3.98,4.285,0.358,23.7
2026-05-28 15:00:00,5.216,4.911,4.618,5.002,4.731,5.029,4.927,4.633,4.733,4.837,4.941,5.858,4.463,5.613,4.852,4.606,4.513,4.325,4.458,4.711,0.467,23.8
2026-05-28 16:00:00,5.609,5.304,5.001,5.422,5.251,5.457,5.28,4.947,5.113,5.208,5.607,6.155,4.816,5.997,5.284,5.231,4.961,5.002,4.885,5.208,0.41,23.3
2026-05-28 17:00:00,5.721,5.17,5.318,5.553,5.366,5.686,5.144,4.917,5.227,5.381,5.765,6.05,5.124,6.034,5.557,5.38,5.242,5.218,5.132,5.565,0.282,22.6
2026-05-28 18:00:00,5.918,5.217,5.631,5.797,5.58,5.927,5.197,4.89,5.414,5.683,5.927,6.237,5.294,6.285,5.79,5.302,5.432,5.344,5.335,5.801,0.158,21.8
2026-05-28 19:00:00,6.229,5.304,5.864,6.086,5.72,6.307,5.08,4.982,5.761,5.749,6.203,6.511,5.883,6.453,6.525,5.619,6.141,5.609,6.181,6.098,0.07,20.8
2026-05-28 20:00:00,6.316,5.214,5.805,6.319,5.933,6.478,5.139,5.088,5.912,5.788,6.225,6.654,6.054,6.618,6.621,5.667,6.22,5.765,6.277,6.231,0.019,19.8
2026-05-28 21:00:00,6.396,5.367,6.028,6.473,6.373,6.489,5.239,5.277,5.985,6.173,6.205,6.828,6.317,6.724,6.901,5.925,6.553,5.928,6.544,6.316,0.003,19.0
2026-05-28 22:00:00,6.666,5.324,7.006,6.811,7.233,6.601,5.241,5.263,6.073,6.638,6.091,6.802,6.614,6.697,7.2,7.354,7.431,6.683,6.68,7.124,0.0,18.4
2026-05-28 23:00:00,7.036,5.562,7.56,8.221,7.668,7.396,5.373,5.316,6.928,7.537,6.393,7.205,7.308,6.964,8.345,8.179,7.915,7.235,7.216,7.619,0.001,18.0
2026-05-29 00:00:00,7.278,6.118,7.65,8.449,7.877,7.511,5.492,5.605,7.089,7.721,6.454,7.291,7.348,7.174,8.665,8.361,7.884,7.226,7.11,8.033,0.004,17.8
2026-05-29 01:00:00,6.525,5.234,6.965,6.813,7.224,6.607,5.432,5.341,6.029,6.654,6.183,6.8,6.742,6.696,7.357,7.599,7.396,6.59,6.634,7.225,0.01,17.4
2026-05-29 02:00:00,5.786,4.92,6.039,6.162,6.11,6.102,4.954,4.888,5.649,6.046,5.907,6.393,6.353,6.465,6.507,5.813,6.152,5.458,6.127,6.132,0.015,17.2
2026-05-29 03:00:00,5.512,4.747,5.83,5.885,5.802,5.97,4.699,4.585,5.268,5.756,5.672,6.118,5.997,6.315,6.267,5.751,5.753,5.173,5.83,5.771,0.024,17.2
2026-05-29 04:00:00,5.547,4.896,6.04,5.879,5.829,5.898,4.698,4.688,5.306,5.894,5.636,5.979,5.895,6.165,6.358,5.813,5.675,5.169,5.752,5.802,0.034,17.2
2026-05-29 05:00:00,5.4,4.794,5.979,5.792,5.837,5.763,4.579,4.578,5.267,5.764,5.621,5.903,5.794,6.115,6.099,5.663,5.711,5.121,5.588,5.682,0.041,17.4
2026-05-29 06:00:00,5.73,4.958,6.105,6.023,6.025,5.986,4.794,4.783,5.445,5.978,5.798,6.098,6.009,6.322,6.275,5.802,5.896,5.244,5.676,5.876,0.048,18.0
2026-05-29 07:00:00,5.919,4.953,6.104,6.255,6.224,6.095,4.915,4.915,5.766,6.216,5.883,6.451,5.911,6.536,6.52,5.92,5.899,5.697,6.052,5.771,0.056,19.3
2026-05-29 08:00:00,6.635,5.422,6.528,6.677,6.746,6.58,5.327,5.399,6.188,6.708,6.459,6.955,6.567,7.019,7.103,6.299,6.372,5.956,6.554,6.108,0.056,20.9
2026-05-29 09:00:00,6.882,5.78,7.044,6.971,7.337,6.709,5.655,5.903,6.453,7.014,6.822,7.181,7.239,7.351,7.494,7.152,6.782,6.27,6.961,6.724,0.04,22.3
2026-05-29 10:00:00,7.206,6.039,8.246,7.81,7.48,6.776,5.718,5.868,6.889,7.463,6.83,7.393,7.449,7.19,8.082,8.031,7.719,7.026,6.989,7.074,0.019,23.1
2026-05-29 11:00:00,7.357,6.055,8.137,7.635,7.385,6.844,5.814,5.939,6.974,7.33,6.923,7.327,7.282,6.974,8.234,8.013,7.921,6.975,7.057,7.512,0.01,23.6
2026-05-29 12:00:00,7.562,6.122,8.118,7.924,7.548,7.336,5.702,6.188,7.329,7.603,7.022,7.45,7.664,6.998,8.663,8.076,7.951,7.126,7.173,7.871,0.018,23.9
2026-05-29 13:00:00,7.939,6.713,8.559,8.205,7.906,7.676,6.314,6.511,7.516,8.059,7.142,7.762,7.779,7.407,8.575,8.366,8.399,7.413,7.437,7.55,0.048,24.0
2026-05-29 14:00:00,7.964,6.835,8.529,8.277,8.157,7.543,6.351,6.509,7.718,8.225,7.603,7.984,7.991,7.592,8.474,8.578,8.624,7.579,7.604,7.724,0.097,24.0
2026-05-29 15:00:00,7.761,6.485,7.578,7.453,7.618,7.477,6.231,6.355,6.903,7.323,7.38,7.823,7.773,7.499,7.776,8.325,8.449,7.189,7.327,7.487,0.11,23.8
2026-05-29 16:00:00,7.197,5.929,6.878,6.802,7.019,7.048,5.679,5.739,6.4,6.778,6.75,7.235,6.971,6.848,7.424,7.908,7.777,6.591,6.756,6.886,0.059,23.4
2026-05-29 17:00:00,6.342,4.919,5.791,6.119,6.224,6.104,4.781,4.848,5.532,5.95,5.787,6.468,6.194,6.139,6.657,6.203,7.017,6.067,6.001,6.341,0.012,22.8
2026-05-29 18:00:00,6.189,5.173,6.117,6.121,6.227,6.271,4.951,5.041,5.63,5.904,6.054,6.502,6.303,6.567,6.71,6.312,6.542,5.554,6.239,6.245,0.001,22.0
2026-05-29 19:00:00,6.869,5.773,6.757,6.912,6.979,7.005,5.687,5.671,6.374,6.582,6.79,7.307,6.753,7.212,7.167,6.288,6.898,6.361,6.942,6.822,0.021,21.2
2026-05-29 20:00:00,7.898,6.954,7.842,8.006,8.09,8.063,6.712,6.508,7.463,7.648,7.75,8.216,7.941,8.236,8.378,7.277,7.728,7.367,7.929,8.205,0.121,20.4
2026-05-29 21:00:00,8.511,7.451,8.381,8.543,8.698,8.736,7.197,7.024,8.076,8.224,8.425,8.682,8.556,8.776,9.035,7.926,8.288,7.966,8.707,9.233,0.195,19.8
2026-05-29 22:00:00,8.592,7.538,8.574,8.739,8.844,8.872,7.26,7.1,8.337,8.432,8.618,8.892,8.987,8.882,9.135,8.227,8.38,8.279,8.675,9.515,0.233,19.6
2026-05-29 23:00:00,8.243,7.235,8.19,8.437,8.522,8.53,6.943,6.805,7.876,8.068,8.329,8.577,8.694,8.587,8.824,7.953,8.053,7.799,8.352,9.146,0.217,19.5
