SYSDATETIME,GFS_wind_speed_80m,GFS_wind_direction_80m,GFS_temperature_2m,GFS_relative_humidity_2m,GFS_wind_gusts_10m,ECMWF_wind_speed_100m,ECMWF_wind_speed_10m,ECMWF_wind_direction_10m,ECMWF_temperature_2m,ECMWF_relative_humidity_2m,ICON_wind_speed_80m,ICON_wind_direction_80m,ICON_temperature_2m,ICON_relative_humidity_2m,ICON_wind_gusts_10m,GEM_wind_speed_80m,GEM_wind_direction_80m,GEM_temperature_2m,GEM_relative_humidity_2m,GEM_wind_gusts_10m,JMA_wind_speed_10m,JMA_wind_direction_10m,JMA_temperature_2m,JMA_relative_humidity_2m
2026-05-19 00:00:00,3.28,149.0,17.9,61,2.9,2.58,1.84,119.0,17.9,73.0,0.92,139.0,19.4,76.0,0.9,5.3,160.0,17.2,85.0,3.7,2.06,157.0,16.5,88.0
2026-05-19 01:00:00,2.64,115.0,17.5,62,2.6,3.0,1.97,114.0,17.2,77.0,1.27,135.0,19.2,80.0,1.2,5.2,155.0,17.1,85.0,3.4,2.06,157.0,16.2,88.0
2026-05-19 02:00:00,2.82,96.0,18.0,61,2.9,3.52,1.99,108.0,16.3,81.0,1.63,133.0,19.1,82.0,1.5,5.1,149.0,17.0,84.0,3.1,2.06,157.0,16.0,88.0
2026-05-19 03:00:00,3.14,99.0,17.5,63,3.3,4.0,1.99,108.0,15.7,83.0,1.77,164.0,19.2,80.0,1.1,5.2,144.0,16.9,84.0,3.0,2.06,157.0,16.0,87.0
2026-05-19 04:00:00,3.01,111.0,16.8,66,3.2,4.34,1.93,111.0,15.4,82.0,2.01,174.0,19.5,75.0,0.8,5.9,148.0,16.8,84.0,3.6,2.19,156.0,16.1,86.0
2026-05-19 05:00:00,2.59,118.0,16.5,67,2.8,4.56,1.97,120.0,15.3,79.0,3.04,163.0,19.6,72.0,1.6,6.9,152.0,16.6,85.0,4.4,2.42,156.0,16.5,85.0
2026-05-19 06:00:00,2.56,111.0,17.3,67,3.0,4.7,2.06,129.0,15.8,75.0,3.7,161.0,19.7,68.0,2.1,7.5,156.0,16.8,85.0,5.0,2.68,153.0,16.9,83.0
2026-05-19 07:00:00,2.62,108.0,18.8,63,2.8,4.74,2.41,138.0,17.3,70.0,3.99,158.0,19.6,67.0,2.5,7.3,156.0,17.1,85.0,5.1,2.82,153.0,17.5,82.0
2026-05-19 08:00:00,3.85,99.0,20.3,57,3.7,4.65,2.97,147.0,19.4,64.0,4.25,150.0,19.7,67.0,3.3,6.6,156.0,17.6,84.0,4.8,2.82,153.0,18.0,80.0
2026-05-19 09:00:00,3.73,110.0,21.6,53,2.9,4.16,2.95,152.0,21.1,59.0,4.29,152.0,20.0,69.0,3.7,5.7,156.0,18.0,84.0,4.3,2.55,154.0,18.6,79.0
2026-05-19 10:00:00,3.91,122.0,22.9,50,3.0,3.22,2.06,157.0,22.5,54.0,3.73,160.0,20.3,71.0,3.6,4.4,171.0,18.1,84.0,3.3,1.93,159.0,19.2,78.0
2026-05-19 11:00:00,4.6,134.0,23.2,50,3.5,1.9,0.81,173.0,23.5,49.0,3.01,159.0,20.6,75.0,3.2,2.9,185.0,18.1,83.0,2.1,1.0,174.0,19.9,77.0
2026-05-19 12:00:00,4.53,137.0,24.7,45,3.2,0.45,0.72,304.0,23.8,48.0,2.44,161.0,20.9,77.0,2.4,2.0,200.0,18.2,83.0,1.3,0.73,254.0,20.6,76.0
2026-05-19 13:00:00,1.53,148.0,26.6,37,0.7,2.11,1.86,324.0,22.9,53.0,1.66,155.0,21.5,74.0,1.6,2.1,238.0,18.5,82.0,1.2,1.57,297.0,21.3,75.0
2026-05-19 14:00:00,2.31,342.0,27.0,34,3.2,4.79,3.04,333.0,21.3,61.0,2.3,178.0,22.2,71.0,1.9,2.6,276.0,18.8,80.0,1.5,2.36,306.0,21.7,75.0
2026-05-19 15:00:00,5.02,317.0,25.7,42,5.2,6.53,3.76,335.0,20.0,67.0,2.42,218.0,21.7,72.0,2.6,3.2,314.0,18.9,80.0,1.8,2.77,311.0,21.9,75.0
2026-05-19 16:00:00,4.36,328.0,23.6,51,4.1,6.8,3.85,335.0,19.6,69.0,1.35,228.0,21.3,75.0,2.6,3.6,328.0,18.6,82.0,1.9,2.62,313.0,21.7,76.0
2026-05-19 17:00:00,5.23,334.0,22.3,55,4.6,6.22,3.44,334.0,19.5,70.0,1.17,239.0,21.1,76.0,1.7,3.9,343.0,18.2,86.0,2.0,2.05,317.0,21.2,77.0
2026-05-19 18:00:00,5.57,351.0,21.1,59,4.1,5.14,2.82,337.0,19.5,70.0,0.51,349.0,20.4,80.0,1.8,4.0,357.0,17.9,88.0,2.1,1.36,324.0,20.5,78.0
2026-05-19 19:00:00,4.88,23.0,19.0,69,3.6,3.81,1.92,351.0,19.2,70.0,0.85,291.0,20.0,84.0,1.6,3.8,17.0,17.8,88.0,2.3,0.61,351.0,19.8,80.0
2026-05-19 20:00:00,3.64,32.0,18.3,69,3.1,2.66,1.3,32.0,19.0,71.0,1.36,144.0,20.1,83.0,1.6,3.3,37.0,17.8,88.0,2.5,0.51,79.0,19.1,81.0
2026-05-19 21:00:00,3.58,30.0,19.0,63,3.3,2.47,1.46,74.0,18.8,71.0,3.07,199.0,20.4,80.0,2.2,3.3,57.0,17.8,87.0,2.8,0.92,103.0,18.6,82.0
2026-05-19 22:00:00,2.57,13.0,19.3,60,2.9,2.0,1.3,94.0,18.6,72.0,2.31,175.0,20.9,75.0,1.7,4.0,84.0,17.9,86.0,3.1,1.14,105.0,18.2,82.0
2026-05-19 23:00:00,4.01,356.0,18.9,61,3.7,1.77,1.03,119.0,18.6,74.0,1.5,180.0,20.3,78.0,1.0,5.0,112.0,18.0,85.0,3.4,1.17,110.0,17.9,82.0
2026-05-20 00:00:00,3.3,360.0,18.8,62,2.6,2.16,0.78,140.0,18.5,75.0,2.83,122.0,20.4,78.0,1.8,5.9,139.0,18.1,84.0,3.7,1.21,114.0,17.7,82.0
2026-05-20 01:00:00,4.6,360.0,19.2,61,4.4,1.92,0.5,143.0,18.5,74.0,3.2,92.0,20.5,78.0,2.4,6.5,141.0,18.2,85.0,3.9,1.12,117.0,17.5,82.0
2026-05-20 02:00:00,5.19,25.0,19.3,61,4.6,1.41,0.14,45.0,18.6,73.0,3.03,98.0,20.4,77.0,2.1,7.0,143.0,18.4,86.0,4.2,0.98,114.0,17.5,81.0
2026-05-20 03:00:00,5.82,29.0,19.2,62,5.3,1.04,0.45,27.0,18.7,72.0,2.92,96.0,20.3,78.0,2.3,7.7,145.0,18.5,88.0,4.7,0.95,108.0,17.4,81.0
2026-05-20 04:00:00,6.22,28.0,19.1,62,5.7,0.51,0.94,58.0,18.6,72.0,2.21,85.0,19.7,83.0,2.0,8.8,143.0,18.5,89.0,5.7,0.91,96.0,17.5,81.0
2026-05-20 05:00:00,6.1,55.0,19.0,63,5.8,2.83,1.65,76.0,18.6,73.0,1.56,50.0,19.4,86.0,2.0,10.1,141.0,18.5,91.0,7.0,0.81,83.0,17.7,80.0
2026-05-20 06:00:00,5.55,64.0,18.9,64,5.5,4.54,2.24,80.0,18.9,72.0,2.7,39.0,19.3,87.0,2.6,10.9,139.0,18.5,91.0,7.8,0.86,54.0,17.9,80.0
2026-05-20 07:00:00,2.7,39.0,18.4,70,1.3,5.14,2.65,79.0,19.9,68.0,2.69,48.0,19.4,85.0,2.5,10.8,143.0,18.8,89.0,7.7,1.0,37.0,18.2,80.0
2026-05-20 08:00:00,3.55,22.0,17.2,81,3.5,5.12,2.96,78.0,21.3,62.0,3.18,62.0,19.3,85.0,2.7,10.3,146.0,19.1,86.0,7.2,1.17,31.0,18.5,80.0
2026-05-20 09:00:00,7.0,47.0,17.3,82,9.1,4.5,2.75,80.0,22.2,59.0,3.13,97.0,19.2,86.0,2.6,9.9,150.0,19.2,84.0,6.8,1.39,30.0,18.7,80.0
2026-05-20 10:00:00,8.0,53.0,16.5,87,10.8,2.91,1.4,90.0,22.2,61.0,3.0,90.0,19.1,87.0,2.7,9.7,148.0,19.1,86.0,6.8,1.53,32.0,18.8,81.0
2026-05-20 11:00:00,8.44,49.0,16.2,86,9.4,2.06,0.81,210.0,21.7,67.0,4.0,89.0,18.9,86.0,3.7,9.7,145.0,19.0,89.0,7.0,1.63,43.0,19.0,83.0
2026-05-20 12:00:00,8.02,57.0,15.8,87,8.6,2.5,1.66,237.0,21.1,73.0,4.6,88.0,18.9,87.0,4.0,9.9,143.0,18.8,92.0,7.3,1.77,47.0,19.1,85.0
2026-05-20 13:00:00,8.02,54.0,15.7,89,8.7,1.22,0.81,263.0,20.6,80.0,4.02,109.0,19.2,88.0,4.5,10.5,142.0,18.5,94.0,7.8,1.94,55.0,19.2,87.0
2026-05-20 14:00:00,8.15,61.0,16.2,87,9.0,2.31,1.25,29.0,20.0,88.0,4.18,101.0,19.5,87.0,3.9,11.4,142.0,18.4,96.0,8.5,2.15,62.0,19.3,89.0
2026-05-20 15:00:00,6.24,55.0,15.8,93,6.8,4.39,2.69,42.0,19.5,93.0,2.33,155.0,19.3,92.0,3.2,12.1,141.0,18.2,97.0,9.1,2.38,68.0,19.3,90.0
2026-05-20 16:00:00,6.81,50.0,15.6,96,6.9,5.37,3.25,45.0,19.2,95.0,1.25,61.0,18.9,96.0,1.8,12.6,142.0,18.3,97.0,9.4,2.66,70.0,19.2,90.0
2026-05-20 17:00:00,8.22,49.0,15.7,96,8.2,5.81,3.33,49.0,19.1,94.0,1.43,205.0,18.6,98.0,1.8,12.9,142.0,18.5,96.0,9.6,3.01,75.0,19.2,90.0
2026-05-20 18:00:00,7.29,57.0,16.2,95,7.6,5.95,3.34,51.0,19.0,94.0,4.3,144.0,19.1,98.0,3.1,13.1,143.0,18.5,95.0,9.7,3.3,76.0,19.1,89.0
2026-05-20 19:00:00,6.4,51.0,16.8,92,6.8,5.77,3.08,54.0,18.8,94.0,6.89,140.0,19.4,92.0,6.0,12.9,144.0,18.5,95.0,9.5,3.69,77.0,19.0,88.0
2026-05-20 20:00:00,7.69,58.0,16.8,93,7.8,5.37,2.75,57.0,18.6,95.0,5.61,140.0,19.5,91.0,6.0,12.6,144.0,18.3,96.0,9.3,3.86,80.0,18.8,88.0
2026-05-20 21:00:00,5.99,64.0,16.8,92,6.3,4.7,2.33,59.0,18.5,95.0,5.95,138.0,19.4,93.0,5.1,12.4,145.0,18.2,97.0,9.1,3.96,80.0,18.6,88.0
2026-05-20 22:00:00,4.43,65.0,17.0,91,4.7,3.55,1.78,52.0,18.4,96.0,5.32,139.0,19.2,94.0,4.8,12.7,149.0,18.2,97.0,9.3,3.86,80.0,18.3,89.0
2026-05-20 23:00:00,4.44,54.0,17.1,90,4.4,2.21,1.28,39.0,18.4,97.0,5.6,139.0,19.4,92.0,4.5,13.2,154.0,18.2,97.0,9.6,3.67,79.0,17.9,90.0
2026-05-21 00:00:00,6.37,68.0,17.0,90,6.4,1.91,1.17,31.0,18.3,97.0,5.5,143.0,19.2,92.0,4.6,13.3,158.0,18.3,97.0,9.7,3.28,78.0,17.5,92.0
2026-05-21 01:00:00,5.25,72.0,16.9,91,5.8,3.06,1.7,50.0,18.2,97.0,5.99,154.0,19.6,87.0,4.9,12.7,166.0,18.3,97.0,9.2,2.96,78.0,17.1,93.0
2026-05-21 02:00:00,5.25,50.0,16.9,93,5.7,5.2,2.87,61.0,18.0,96.0,6.75,155.0,19.6,87.0,5.8,11.8,175.0,18.3,98.0,8.3,2.67,77.0,16.8,94.0
2026-05-21 03:00:00,7.57,34.0,16.8,94,7.1,6.93,3.76,65.0,17.8,95.0,6.28,171.0,19.5,88.0,5.9,11.0,183.0,18.1,98.0,7.8,2.57,77.0,16.5,95.0
2026-05-21 04:00:00,8.65,49.0,16.7,97,8.0,7.6,4.11,64.0,17.6,94.0,7.11,178.0,19.5,90.0,6.3,10.6,201.0,17.6,98.0,7.8,2.67,77.0,16.4,95.0
2026-05-21 05:00:00,7.92,43.0,17.1,97,7.9,7.78,4.21,62.0,17.3,93.0,6.35,173.0,19.5,91.0,6.5,10.3,218.0,17.0,98.0,8.1,2.94,80.0,16.2,96.0
2026-05-21 06:00:00,7.28,37.0,17.1,95,7.3,7.7,4.25,60.0,17.3,91.0,6.73,185.0,19.4,93.0,6.3,10.1,236.0,16.5,98.0,8.5,3.24,81.0,16.1,96.0
2026-05-21 07:00:00,8.63,46.0,17.3,95,9.2,7.26,4.07,62.0,17.6,89.0,5.84,187.0,19.4,93.0,6.0,10.2,234.0,16.0,96.0,9.2,3.54,82.0,16.1,95.0
2026-05-21 08:00:00,8.3,41.0,17.5,96,8.5,6.52,3.89,64.0,18.2,86.0,6.39,197.0,19.3,93.0,5.8,10.3,231.0,15.8,94.0,10.0,3.72,84.0,16.3,94.0
2026-05-21 09:00:00,8.3,49.0,17.8,94,8.4,5.79,3.58,67.0,18.9,83.0,6.43,201.0,19.2,92.0,6.2,10.4,229.0,15.6,93.0,10.5,3.82,84.0,16.6,93.0
2026-05-21 10:00:00,7.3,54.0,18.5,90,7.4,4.9,3.14,68.0,19.9,79.0,5.79,198.0,19.1,92.0,5.9,10.2,233.0,15.6,93.0,10.3,3.62,84.0,17.3,91.0
2026-05-21 11:00:00,6.65,46.0,19.1,88,6.4,4.05,2.73,66.0,21.1,74.0,5.08,190.0,19.0,92.0,5.5,9.8,237.0,15.7,94.0,9.7,3.32,83.0,18.4,88.0
2026-05-21 12:00:00,8.16,41.0,19.6,87,8.0,3.45,2.33,65.0,22.0,70.0,4.4,181.0,19.0,92.0,5.0,9.5,241.0,15.8,94.0,9.2,2.93,82.0,19.6,84.0
2026-05-21 13:00:00,9.13,43.0,20.0,87,9.0,3.23,2.02,57.0,22.6,69.0,3.91,177.0,19.1,92.0,4.4,9.2,246.0,15.8,94.0,8.9,2.43,81.0,20.8,80.0
2026-05-21 14:00:00,10.33,47.0,19.4,91,10.5,3.26,1.91,43.0,22.9,69.0,3.41,175.0,19.2,92.0,3.7,8.9,251.0,15.7,94.0,8.7,2.14,79.0,21.8,77.0
2026-05-21 15:00:00,11.64,53.0,19.2,92,12.2,3.44,1.84,41.0,23.1,69.0,2.83,172.0,19.3,92.0,2.9,8.6,256.0,15.6,94.0,8.5,1.92,81.0,22.4,75.0
2026-05-21 16:00:00,11.31,51.0,19.1,91,11.9,3.83,2.06,61.0,23.4,67.0,1.99,162.0,19.4,92.0,2.0,8.3,263.0,15.6,94.0,8.2,1.91,84.0,22.5,74.0
2026-05-21 17:00:00,10.38,54.0,18.7,93,10.6,4.4,2.73,82.0,23.6,65.0,1.14,142.0,19.4,92.0,1.1,8.1,270.0,15.5,95.0,8.0,2.1,87.0,22.3,73.0
2026-05-21 18:00:00,9.63,57.0,18.4,94,9.7,5.04,3.3,92.0,23.3,65.0,0.85,111.0,19.5,92.0,0.5,7.8,277.0,15.4,95.0,7.7,2.4,92.0,21.9,73.0
2026-05-21 19:00:00,7.6,57.0,18.2,95,7.4,5.14,3.13,97.0,22.3,69.0,0.94,122.0,19.6,91.0,0.5,7.5,286.0,15.4,95.0,7.5,2.71,94.0,21.4,73.0
2026-05-21 20:00:00,5.65,67.0,18.0,96,4.9,5.13,2.57,103.0,21.0,75.0,1.3,148.0,19.7,90.0,0.9,7.2,295.0,15.2,95.0,7.4,2.92,96.0,20.9,74.0
2026-05-21 21:00:00,6.29,44.0,17.9,96,6.3,5.2,2.31,108.0,19.8,78.0,1.62,158.0,19.8,90.0,1.2,6.8,304.0,15.2,95.0,7.0,2.93,98.0,20.4,74.0
2026-05-21 22:00:00,6.96,58.0,17.7,96,7.0,5.69,2.55,101.0,19.1,76.0,1.53,169.0,19.7,91.0,1.0,6.1,305.0,15.1,95.0,6.3,2.83,98.0,20.0,74.0
2026-05-21 23:00:00,5.72,85.0,17.4,95,5.6,6.22,2.9,92.0,18.6,72.0,1.4,184.0,19.5,92.0,0.7,5.3,306.0,15.0,94.0,5.4,2.52,97.0,19.6,75.0
2026-05-22 00:00:00,5.54,83.0,17.3,94,5.1,6.24,3.11,86.0,18.1,70.0,1.46,196.0,19.4,92.0,0.7,4.5,307.0,14.9,94.0,4.5,2.11,95.0,19.1,76.0
2026-05-22 01:00:00,4.83,77.0,17.2,94,4.5,5.0,2.65,79.0,17.4,72.0,1.77,196.0,19.4,91.0,1.4,3.8,310.0,14.8,94.0,3.7,1.8,90.0,18.7,77.0
2026-05-22 02:00:00,4.75,68.0,17.2,94,4.6,3.24,2.06,67.0,16.7,77.0,2.24,190.0,19.4,90.0,2.4,3.1,312.0,14.7,94.0,3.0,1.5,90.0,18.4,78.0
2026-05-22 03:00:00,4.24,56.0,17.1,94,4.2,1.97,1.58,55.0,16.0,81.0,2.42,187.0,19.4,89.0,2.9,2.5,315.0,14.6,94.0,2.4,1.3,90.0,18.2,78.0
2026-05-22 04:00:00,4.7,66.0,17.1,94,4.6,1.49,1.34,63.0,15.2,85.0,2.0,180.0,19.4,89.0,2.3,2.0,315.0,14.6,94.0,2.0,1.3,94.0,18.2,78.0
2026-05-22 05:00:00,3.61,95.0,17.0,94,3.3,1.4,1.3,86.0,14.6,89.0,1.33,167.0,19.3,89.0,1.3,1.6,314.0,14.6,94.0,1.7,1.55,105.0,18.2,78.0
2026-05-22 06:00:00,2.73,118.0,17.1,93,2.7,1.46,1.32,99.0,14.6,90.0,1.06,139.0,19.4,89.0,0.6,1.4,314.0,14.6,94.0,1.5,1.84,112.0,18.4,78.0
2026-05-22 07:00:00,3.08,144.0,17.3,93,3.1,1.0,1.0,84.0,16.0,85.0,1.44,124.0,19.5,88.0,0.7,1.4,330.0,14.8,93.0,1.4,2.15,118.0,18.6,78.0
2026-05-22 08:00:00,2.33,205.0,17.6,91,2.2,0.92,0.85,45.0,18.1,78.0,1.89,122.0,19.6,87.0,1.1,1.5,346.0,15.0,92.0,1.5,2.33,121.0,18.9,77.0
2026-05-22 09:00:00,1.34,243.0,17.9,89,1.5,1.14,1.02,11.0,19.9,71.0,2.14,127.0,19.9,86.0,1.6,1.7,2.0,15.2,92.0,1.6,2.3,124.0,19.2,77.0
2026-05-22 10:00:00,1.43,245.0,18.3,88,1.3,1.12,1.0,360.0,21.3,67.0,2.33,149.0,20.3,84.0,2.2,2.1,2.0,15.4,92.0,1.9,2.0,127.0,19.7,76.0
2026-05-22 11:00:00,0.54,202.0,17.5,93,0.7,1.08,0.91,354.0,22.6,63.0,2.92,174.0,20.8,81.0,2.9,2.6,1.0,15.7,93.0,2.3,1.56,135.0,20.5,75.0
2026-05-22 12:00:00,1.0,174.0,17.2,94,1.1,1.03,0.95,342.0,23.3,62.0,3.24,189.0,21.1,79.0,3.3,2.9,1.0,15.9,94.0,2.6,0.89,153.0,21.3,74.0
2026-05-22 13:00:00,1.24,194.0,17.6,92,1.3,1.0,1.42,321.0,23.3,64.0,2.86,205.0,21.3,79.0,3.2,3.0,350.0,16.1,94.0,2.7,0.54,202.0,22.0,73.0
2026-05-22 14:00:00,2.15,208.0,18.8,85,2.2,2.16,2.2,309.0,22.8,68.0,2.36,234.0,21.4,80.0,2.8,2.9,338.0,16.4,93.0,2.7,0.81,240.0,22.6,72.0
2026-05-22 15:00:00,3.32,254.0,19.5,81,3.3,3.41,2.78,308.0,22.2,71.0,2.33,260.0,21.3,81.0,2.6,2.7,327.0,16.5,93.0,2.5,0.95,252.0,22.8,72.0
2026-05-22 16:00:00,5.81,281.0,19.6,80,5.8,4.34,3.04,314.0,21.5,73.0,2.18,286.0,20.8,84.0,2.6,2.1,285.0,16.6,93.0,2.0,0.98,246.0,22.7,73.0
2026-05-22 17:00:00,6.66,303.0,18.7,83,6.6,5.16,3.12,320.0,20.7,75.0,2.33,313.0,20.1,88.0,2.8,1.5,242.0,16.6,93.0,1.3,0.85,225.0,22.3,74.0
2026-05-22 18:00:00,3.69,311.0,18.2,86,3.3,5.35,3.02,326.0,19.9,77.0,1.89,328.0,19.6,89.0,3.0,1.7,200.0,16.7,93.0,1.2,0.85,201.0,21.8,77.0
2026-05-22 19:00:00,3.0,296.0,17.9,88,2.7,4.79,2.39,327.0,19.1,79.0,0.2,180.0,19.9,86.0,3.2,3.5,188.0,17.0,92.0,2.1,1.12,170.0,21.2,79.0
2026-05-22 20:00:00,3.11,264.0,16.7,93,2.9,3.64,1.44,326.0,18.3,81.0,3.1,159.0,20.5,82.0,3.5,6.2,176.0,17.5,90.0,3.5,1.49,160.0,20.6,80.0
2026-05-22 21:00:00,2.64,241.0,16.5,94,2.6,2.45,0.64,321.0,17.7,83.0,5.09,160.0,20.8,78.0,3.7,8.3,164.0,17.7,88.0,4.9,1.79,153.0,20.1,81.0
2026-05-22 22:00:00,2.79,249.0,16.4,93,2.7,0.82,0.1,180.0,17.3,85.0,5.29,165.0,20.4,76.0,3.8,9.3,158.0,17.5,87.0,6.2,2.06,151.0,19.7,81.0
2026-05-22 23:00:00,3.1,268.0,16.4,93,3.0,1.0,0.67,153.0,17.0,86.0,4.54,172.0,19.8,75.0,3.7,9.8,152.0,17.1,86.0,7.5,2.28,151.0,19.3,80.0
2026-05-23 00:00:00,3.28,282.0,17.2,91,3.1,2.22,1.08,146.0,16.8,87.0,4.0,180.0,19.2,75.0,3.7,9.9,146.0,16.9,86.0,8.1,2.59,152.0,18.9,79.0
2026-05-23 01:00:00,3.01,291.0,17.0,92,2.7,2.47,1.13,135.0,16.6,88.0,3.7,182.0,18.8,75.0,3.6,9.4,144.0,16.7,86.0,7.6,2.68,153.0,18.6,77.0
2026-05-23 02:00:00,2.39,303.0,16.8,93,2.1,2.33,0.98,114.0,16.4,88.0,3.4,178.0,18.5,76.0,3.6,8.4,141.0,16.6,87.0,6.5,2.91,153.0,18.4,76.0
2026-05-23 03:00:00,1.94,325.0,16.0,95,1.8,2.46,1.0,90.0,16.2,88.0,3.21,176.0,18.3,77.0,3.5,7.7,139.0,16.6,87.0,5.7,3.0,154.0,18.3,76.0
2026-05-23 04:00:00,2.1,360.0,16.1,96,2.2,2.55,1.22,81.0,16.1,88.0,3.94,144.0,18.9,78.0,3.7,7.6,131.0,16.5,87.0,5.7,3.0,154.0,18.3,76.0
2026-05-23 05:00:00,2.92,22.0,16.4,96,2.9,2.7,1.46,74.0,16.0,88.0,3.48,141.0,19.0,77.0,3.3,7.7,124.0,16.4,87.0,5.9,3.0,154.0,18.4,77.0
2026-05-23 06:00:00,3.67,29.0,16.9,95,3.4,3.01,1.68,73.0,16.2,87.0,3.04,136.0,19.1,77.0,2.9,7.5,116.0,16.4,87.0,5.9,2.95,156.0,18.6,78.0
2026-05-23 07:00:00,3.9,23.0,17.4,93,3.6,3.5,1.96,75.0,16.9,84.0,2.84,129.0,19.3,76.0,2.6,6.6,107.0,16.5,85.0,5.2,2.86,155.0,18.8,80.0
2026-05-23 08:00:00,3.88,12.0,18.1,89,3.6,4.08,2.22,82.0,17.8,80.0,2.75,123.0,19.5,75.0,2.3,5.4,99.0,16.8,82.0,4.2,2.73,156.0,19.1,81.0
2026-05-23 09:00:00,3.85,9.0,18.8,86,3.6,4.4,2.31,85.0,18.8,78.0,2.28,119.0,19.8,75.0,2.1,4.8,90.0,16.9,82.0,3.9,2.6,157.0,19.5,81.0
2026-05-23 10:00:00,3.67,26.0,19.7,82,3.8,3.96,2.1,90.0,19.6,79.0,1.12,117.0,20.0,76.0,2.1,5.3,88.0,16.5,86.0,4.8,2.38,158.0,20.0,81.0
2026-05-23 11:00:00,3.92,52.0,20.8,77,4.0,3.05,1.7,93.0,20.4,82.0,0.32,288.0,20.3,78.0,2.3,6.4,87.0,16.0,92.0,6.2,2.12,161.0,20.6,80.0
2026-05-23 12:00:00,4.16,63.0,21.2,75,4.1,1.99,1.2,85.0,21.1,84.0,1.57,297.0,20.4,79.0,2.6,7.2,85.0,15.7,96.0,7.3,1.77,164.0,21.3,79.0
2026-05-23 13:00:00,2.92,52.0,20.4,78,3.8,1.49,1.25,29.0,21.6,83.0,2.39,303.0,20.5,79.0,3.1,7.4,70.0,15.7,97.0,7.5,1.43,168.0,22.0,78.0
2026-05-23 14:00:00,2.0,360.0,19.0,83,3.4,3.03,2.51,355.0,22.0,81.0,3.12,310.0,20.5,78.0,3.8,7.4,55.0,15.9,97.0,7.4,1.2,175.0,22.5,78.0
2026-05-23 15:00:00,3.0,330.0,18.0,87,3.4,4.3,3.35,350.0,22.3,79.0,3.54,313.0,20.4,78.0,4.2,7.5,40.0,15.9,96.0,7.3,0.9,180.0,22.7,78.0
2026-05-23 16:00:00,4.14,340.0,17.9,87,4.4,4.12,3.14,351.0,22.5,79.0,3.54,315.0,20.3,79.0,4.1,7.9,39.0,15.9,96.0,7.7,0.71,188.0,22.5,80.0
2026-05-23 17:00:00,5.42,355.0,18.2,86,5.8,3.26,2.31,355.0,22.6,79.0,3.26,317.0,20.1,81.0,3.7,8.3,37.0,15.9,96.0,8.1,0.41,194.0,22.1,82.0
2026-05-23 18:00:00,6.41,4.0,18.3,85,6.6,2.5,1.61,7.0,22.5,81.0,2.92,322.0,19.9,82.0,3.3,8.6,36.0,16.0,95.0,8.3,0.22,207.0,21.6,85.0
2026-05-23 19:00:00,6.08,9.0,17.8,87,6.0,1.9,1.17,31.0,22.1,84.0,2.64,335.0,19.8,83.0,2.9,8.7,34.0,16.1,94.0,7.9,0.1,270.0,20.9,88.0
2026-05-23 20:00:00,5.19,16.0,17.2,90,4.9,2.28,0.98,66.0,21.4,88.0,2.52,353.0,19.7,83.0,2.5,8.6,31.0,16.3,93.0,7.2,0.22,333.0,20.3,91.0
2026-05-23 21:00:00,4.72,21.0,16.7,92,4.1,2.86,1.2,85.0,20.8,91.0,2.52,7.0,19.6,83.0,2.1,8.5,29.0,16.4,92.0,6.7,0.41,346.0,19.8,93.0
2026-05-23 22:00:00,4.93,18.0,16.4,93,4.3,2.69,1.3,86.0,20.3,93.0,2.16,13.0,19.5,83.0,1.8,8.5,30.0,16.4,92.0,6.8,0.61,351.0,19.3,95.0
2026-05-23 23:00:00,5.41,12.0,16.2,93,4.9,2.24,1.36,73.0,19.8,94.0,1.65,14.0,19.5,83.0,1.5,8.4,31.0,16.2,92.0,7.1,0.7,360.0,18.7,96.0
2026-05-24 00:00:00,5.77,9.0,16.0,93,5.4,2.18,1.39,60.0,19.4,95.0,1.26,18.0,19.5,83.0,1.3,8.3,32.0,16.0,92.0,7.2,0.81,7.0,18.1,97.0
2026-05-24 01:00:00,5.57,9.0,15.8,93,5.3,2.55,1.49,48.0,19.1,96.0,1.21,24.0,19.5,83.0,1.2,8.1,27.0,15.9,92.0,6.8,0.92,13.0,17.6,98.0
2026-05-24 02:00:00,5.22,12.0,15.6,93,5.0,3.33,1.72,36.0,18.8,97.0,1.39,30.0,19.4,83.0,1.2,7.8,21.0,15.9,92.0,6.3,1.02,11.0,17.3,98.0
2026-05-24 03:00:00,5.19,16.0,15.5,93,5.1,3.89,1.97,30.0,18.8,96.0,1.58,35.0,19.4,83.0,1.3,7.5,16.0,15.8,92.0,5.9,1.24,14.0,17.2,98.0
2026-05-24 04:00:00,6.1,18.0,15.3,93,6.1,3.98,2.02,33.0,19.2,94.0,1.86,36.0,19.5,83.0,1.7,7.1,15.0,15.6,92.0,5.8,1.46,16.0,17.5,97.0
2026-05-24 05:00:00,7.21,19.0,15.1,93,7.6,3.8,2.2,39.0,20.0,90.0,2.36,36.0,19.5,84.0,2.1,6.7,15.0,15.6,93.0,5.9,1.77,16.0,18.1,95.0
2026-05-24 06:00:00,7.91,21.0,15.6,91,8.3,3.68,2.19,43.0,20.7,87.0,2.64,37.0,19.7,84.0,2.5,6.3,14.0,15.6,93.0,6.0,2.18,16.0,18.8,93.0
2026-05-24 07:00:00,7.3,23.0,17.2,84,7.5,3.55,2.19,47.0,21.5,84.0,2.7,39.0,19.9,85.0,2.6,6.0,13.0,15.6,92.0,5.9,2.47,14.0,19.6,90.0
2026-05-24 08:00:00,6.31,27.0,19.5,74,6.1,3.41,2.19,47.0,22.3,80.0,2.62,43.0,20.3,85.0,2.5,5.7,13.0,15.7,90.0,5.8,2.77,13.0,20.4,88.0
2026-05-24 09:00:00,5.55,28.0,21.4,66,5.2,3.05,2.05,43.0,22.9,78.0,2.62,40.0,20.7,85.0,2.6,5.5,12.0,15.9,88.0,5.7,2.93,8.0,20.9,86.0
2026-05-24 10:00:00,5.72,19.0,22.4,62,5.5,2.55,1.88,25.0,23.3,77.0,2.95,28.0,21.2,83.0,3.0,5.5,4.0,16.0,86.0,5.6,3.1,360.0,21.4,85.0
2026-05-24 11:00:00,6.58,9.0,23.1,59,6.5,2.45,2.0,357.0,23.5,77.0,3.54,16.0,21.8,80.0,3.6,5.5,357.0,16.1,83.0,5.6,3.35,350.0,21.8,84.0
2026-05-24 12:00:00,7.3,2.0,23.6,57,7.2,3.01,2.38,338.0,23.5,78.0,4.03,7.0,22.3,78.0,4.0,5.7,349.0,16.3,81.0,5.6,3.73,340.0,22.2,83.0
2026-05-24 13:00:00,7.62,356.0,24.2,55,7.6,3.94,2.94,325.0,23.5,79.0,4.3,359.0,22.5,77.0,4.2,6.0,345.0,16.4,81.0,5.9,4.21,332.0,22.5,82.0
2026-05-24 14:00:00,7.69,351.0,24.7,54,7.8,5.11,3.54,315.0,23.4,80.0,4.57,350.0,22.7,77.0,4.4,6.3,342.0,16.4,81.0,6.2,4.55,327.0,22.6,82.0
2026-05-24 15:00:00,7.55,349.0,24.7,55,7.7,5.73,3.83,311.0,23.1,81.0,4.85,346.0,22.7,77.0,4.5,6.6,338.0,16.4,82.0,6.5,4.58,324.0,22.5,82.0
2026-05-24 16:00:00,6.99,351.0,23.6,60,7.1,5.61,3.58,306.0,22.6,83.0,5.46,346.0,22.6,76.0,4.7,6.7,340.0,16.5,82.0,6.6,4.36,323.0,22.2,82.0
2026-05-24 17:00:00,6.31,357.0,22.0,67,6.1,4.94,2.97,303.0,22.0,85.0,6.02,349.0,22.4,75.0,5.0,6.8,343.0,16.5,81.0,6.6,3.8,325.0,21.6,83.0
2026-05-24 18:00:00,5.7,1.0,20.6,74,5.4,4.17,2.33,295.0,21.3,87.0,5.87,351.0,22.1,75.0,4.9,6.8,345.0,16.4,82.0,6.6,3.14,329.0,20.8,84.0
2026-05-24 19:00:00,5.23,353.0,19.5,79,5.0,3.36,1.65,284.0,20.7,89.0,4.5,357.0,21.7,77.0,4.3,6.7,347.0,16.2,84.0,6.7,2.42,336.0,20.0,85.0
2026-05-24 20:00:00,5.09,340.0,18.5,84,4.9,2.55,1.12,260.0,20.0,91.0,2.57,13.0,21.2,80.0,3.5,6.6,350.0,16.0,87.0,6.8,1.87,344.0,19.2,87.0
2026-05-24 21:00:00,5.06,335.0,17.8,86,4.8,2.01,0.99,225.0,19.5,93.0,1.41,45.0,20.8,83.0,2.7,6.3,352.0,15.9,90.0,6.6,1.51,352.0,18.6,88.0
2026-05-24 22:00:00,5.24,347.0,17.5,85,5.0,1.71,1.08,202.0,19.2,95.0,0.71,45.0,20.4,85.0,2.1,5.7,354.0,15.8,91.0,6.0,1.3,356.0,18.1,90.0
2026-05-24 23:00:00,5.81,3.0,17.4,83,5.4,1.5,1.14,195.0,19.1,96.0,0.58,329.0,20.0,87.0,1.6,5.0,357.0,15.8,92.0,5.1,1.1,355.0,17.6,92.0
2026-05-25 00:00:00,5.99,15.0,17.4,81,5.3,1.36,1.1,185.0,19.0,97.0,0.94,302.0,19.8,89.0,1.2,4.2,359.0,15.8,92.0,4.2,1.0,354.0,17.2,94.0
2026-05-25 01:00:00,4.7,24.0,17.3,80,4.2,1.26,1.1,175.0,19.0,97.0,0.5,323.0,19.7,90.0,1.1,3.3,18.0,15.7,92.0,3.4,0.92,347.0,16.8,96.0
2026-05-25 02:00:00,2.84,39.0,17.2,79,2.6,1.2,1.02,169.0,19.1,97.0,0.58,59.0,19.7,90.0,1.2,2.3,37.0,15.6,92.0,2.5,0.95,342.0,16.6,98.0
2026-05-25 03:00:00,1.97,66.0,17.2,79,1.6,1.14,0.95,162.0,19.4,96.0,1.24,76.0,19.7,90.0,1.3,1.7,56.0,15.6,92.0,1.9,0.85,339.0,16.5,99.0
2026-05-25 04:00:00,2.16,56.0,17.0,79,1.9,1.08,0.81,150.0,20.0,93.0,1.43,78.0,19.7,91.0,1.4,1.8,87.0,15.6,92.0,1.6,0.73,344.0,16.7,99.0
2026-05-25 05:00:00,3.0,37.0,16.9,80,2.8,1.06,0.58,121.0,20.7,90.0,1.33,77.0,19.7,92.0,1.5,2.2,117.0,15.6,92.0,1.5,0.71,352.0,16.9,99.0
2026-05-25 06:00:00,3.58,30.0,17.4,79,3.4,0.95,0.5,90.0,21.4,86.0,1.32,81.0,19.8,92.0,1.5,2.7,148.0,15.6,92.0,1.5,0.61,9.0,17.4,98.0
2026-05-25 07:00:00,3.12,40.0,18.8,75,3.0,1.0,0.64,51.0,22.1,82.0,1.3,94.0,20.1,91.0,1.3,3.1,151.0,16.0,91.0,1.7,0.63,18.0,17.9,97.0
2026-05-25 08:00:00,2.51,61.0,20.8,69,2.3,1.22,0.94,32.0,22.8,79.0,1.43,115.0,20.5,90.0,1.1,3.4,153.0,16.5,89.0,2.1,0.58,31.0,18.4,96.0
2026-05-25 09:00:00,2.24,80.0,22.5,65,1.8,1.53,1.26,18.0,23.4,76.0,1.58,125.0,20.7,89.0,0.9,3.6,156.0,16.9,88.0,2.4,0.54,22.0,19.0,94.0
2026-05-25 10:00:00,1.75,77.0,23.4,64,1.7,2.14,1.71,7.0,23.6,75.0,,,,,,3.5,186.0,17.2,87.0,2.3,0.51,349.0,19.8,92.0
2026-05-25 11:00:00,1.28,51.0,23.9,65,1.9,3.11,2.31,355.0,23.7,74.0,,,,,,3.3,217.0,17.6,86.0,2.1,0.78,310.0,20.7,89.0
2026-05-25 12:00:00,1.22,9.0,24.2,65,2.1,4.06,2.84,350.0,23.7,74.0,,,,,,3.2,247.0,17.9,86.0,2.1,1.26,288.0,21.7,85.0
2026-05-25 13:00:00,1.52,337.0,24.1,64,2.4,5.04,3.4,346.0,23.6,74.0,,,,,,3.4,265.0,17.9,86.0,2.5,1.75,283.0,22.7,82.0
2026-05-25 14:00:00,2.12,315.0,23.8,63,2.7,5.92,3.86,343.0,23.4,74.0,,,,,,3.7,284.0,17.9,86.0,3.0,2.14,281.0,23.3,80.0
2026-05-25 15:00:00,2.58,306.0,23.3,63,2.8,6.36,4.11,342.0,23.2,75.0,,,,,,3.9,302.0,17.9,86.0,3.4,2.33,280.0,23.7,79.0
2026-05-25 16:00:00,2.51,299.0,22.6,65,2.5,6.21,3.98,342.0,22.8,76.0,,,,,,3.9,305.0,17.9,86.0,3.5,2.24,280.0,23.5,79.0
2026-05-25 17:00:00,2.21,288.0,21.8,68,2.0,5.71,3.64,344.0,22.3,76.0,,,,,,3.8,307.0,17.8,87.0,3.4,1.84,283.0,23.0,81.0
2026-05-25 18:00:00,2.02,279.0,20.9,72,1.7,5.12,3.18,347.0,21.8,77.0,,,,,,3.7,310.0,17.8,88.0,3.2,1.26,288.0,22.2,84.0
2026-05-25 19:00:00,2.01,276.0,19.8,76,1.7,4.5,2.73,352.0,21.3,78.0,,,,,,3.5,305.0,17.6,89.0,3.0,0.81,300.0,21.4,86.0
2026-05-25 20:00:00,2.11,275.0,18.7,81,1.9,3.96,2.2,360.0,20.8,79.0,,,,,,3.3,301.0,17.4,91.0,2.8,0.36,326.0,20.6,89.0
2026-05-25 21:00:00,1.9,273.0,18.0,84,1.9,3.55,1.82,9.0,20.4,81.0,,,,,,2.9,296.0,17.1,92.0,2.4,0.28,45.0,20.1,91.0
2026-05-25 22:00:00,1.32,261.0,17.8,83,1.5,3.41,1.71,21.0,20.1,83.0,,,,,,2.2,306.0,17.0,93.0,1.8,0.4,90.0,19.9,93.0
2026-05-25 23:00:00,0.78,220.0,17.9,81,1.0,3.33,1.66,33.0,19.9,85.0,,,,,,1.4,316.0,16.9,93.0,1.0,0.63,108.0,19.8,95.0
2026-05-26 00:00:00,0.67,153.0,18.1,78,0.8,3.33,1.77,43.0,19.8,87.0,,,,,,0.9,326.0,16.8,94.0,0.5,0.86,126.0,19.7,96.0
2026-05-26 01:00:00,1.3,90.0,18.4,75,1.5,3.38,1.84,49.0,19.8,89.0,,,,,,0.9,332.0,16.5,94.0,0.4,1.06,139.0,19.8,97.0
2026-05-26 02:00:00,2.47,69.0,18.7,72,2.6,3.4,2.08,55.0,19.9,90.0,,,,,,1.1,339.0,16.4,95.0,0.6,1.36,144.0,19.9,98.0
2026-05-26 03:00:00,3.26,63.0,19.0,70,3.2,3.45,2.11,59.0,20.1,91.0,,,,,,1.4,345.0,16.2,95.0,0.8,1.66,147.0,20.1,98.0
2026-05-26 04:00:00,3.04,63.0,19.0,71,2.9,3.35,2.15,62.0,20.7,90.0,,,,,,1.6,351.0,16.1,95.0,1.0,1.97,150.0,20.4,96.0
2026-05-26 05:00:00,2.28,61.0,18.9,73,2.2,3.3,2.01,63.0,21.5,88.0,,,,,,1.7,356.0,16.0,95.0,1.2,2.28,151.0,20.8,94.0
2026-05-26 06:00:00,1.88,65.0,18.9,74,1.8,3.16,1.97,66.0,22.2,86.0,,,,,,1.9,2.0,16.1,95.0,1.5,2.73,152.0,21.3,90.0
2026-05-26 07:00:00,2.53,72.0,19.1,74,2.1,3.03,1.84,68.0,23.0,84.0,,,,,,2.1,5.0,16.4,94.0,1.8,3.04,153.0,21.8,87.0
2026-05-26 08:00:00,3.52,75.0,19.5,74,2.8,2.81,1.75,66.0,23.8,82.0,,,,,,2.3,8.0,16.7,92.0,2.2,3.35,153.0,22.2,84.0
2026-05-26 09:00:00,3.98,72.0,19.8,74,3.3,2.8,1.71,69.0,24.3,81.0,,,,,,2.7,11.0,17.0,91.0,2.7,3.71,153.0,22.4,83.0
2026-05-26 10:00:00,3.58,60.0,19.9,74,3.5,2.9,1.77,74.0,24.6,82.0,,,,,,3.5,2.0,17.0,91.0,3.4,4.12,151.0,22.5,84.0
2026-05-26 11:00:00,3.14,37.0,20.0,73,3.6,3.2,1.94,78.0,24.6,84.0,,,,,,4.6,352.0,16.9,90.0,4.3,4.58,148.0,22.4,86.0
2026-05-26 12:00:00,2.75,10.0,20.0,73,3.6,3.4,2.04,79.0,24.6,86.0,,,,,,5.7,343.0,16.8,90.0,5.3,5.05,146.0,22.3,88.0
2026-05-26 13:00:00,1.97,330.0,19.8,74,3.6,3.6,2.14,79.0,24.5,88.0,,,,,,6.9,340.0,17.0,89.0,6.6,5.52,145.0,22.1,91.0
2026-05-26 14:00:00,2.71,274.0,19.6,76,3.4,3.8,2.24,80.0,24.3,90.0,,,,,,8.1,336.0,17.2,88.0,8.0,5.74,145.0,21.9,94.0
2026-05-26 15:00:00,3.75,261.0,19.5,77,3.3,3.9,2.26,77.0,24.1,92.0,,,,,,8.9,333.0,17.4,87.0,8.9,5.85,147.0,21.8,96.0
2026-05-26 16:00:00,3.61,267.0,19.7,77,3.0,4.02,2.21,72.0,23.8,94.0,,,,,,9.1,337.0,17.5,85.0,8.9,5.68,152.0,21.8,97.0
2026-05-26 17:00:00,3.07,289.0,20.1,78,2.7,4.08,2.19,66.0,23.6,95.0,,,,,,8.9,341.0,17.6,84.0,8.5,5.5,161.0,21.9,97.0
2026-05-26 18:00:00,2.97,315.0,20.2,79,2.7,4.18,2.16,56.0,23.3,96.0,,,,,,8.9,345.0,17.6,83.0,8.2,5.35,172.0,22.0,98.0
2026-05-26 19:00:00,3.68,338.0,19.6,83,3.2,4.25,2.19,47.0,22.9,97.0,,,,,,9.5,345.0,17.5,84.0,8.7,5.32,184.0,22.0,98.0
2026-05-26 20:00:00,4.83,354.0,18.8,88,3.9,4.39,2.28,38.0,22.6,97.0,,,,,,10.1,344.0,17.3,85.0,9.3,5.26,194.0,22.1,98.0
2026-05-26 21:00:00,5.12,4.0,18.1,92,4.3,4.48,2.42,30.0,22.2,98.0,,,,,,10.2,344.0,17.1,87.0,9.4,4.98,202.0,22.0,98.0
2026-05-26 22:00:00,3.8,27.0,17.8,94,4.3,4.6,2.6,23.0,21.9,99.0,,,,,,9.0,350.0,17.0,88.0,8.4,4.3,211.0,21.8,99.0
2026-05-26 23:00:00,3.28,78.0,17.7,94,4.0,4.85,2.69,15.0,21.5,99.0,,,,,,7.2,356.0,16.9,89.0,6.9,3.26,223.0,21.5,99.0
2026-05-27 00:00:00,4.21,108.0,17.7,95,3.5,5.2,2.94,10.0,21.1,99.0,,,,,,5.7,2.0,16.8,90.0,5.4,2.19,246.0,21.1,100.0
2026-05-27 01:00:00,3.94,117.0,17.6,96,2.5,5.58,3.11,4.0,20.8,99.0,,,,,,4.8,4.0,16.6,91.0,4.2,1.9,288.0,20.8,100.0
2026-05-27 02:00:00,2.61,122.0,17.6,97,1.4,6.05,3.4,360.0,20.5,98.0,,,,,,4.3,7.0,16.5,91.0,3.0,2.48,320.0,20.5,100.0
2026-05-27 03:00:00,1.62,112.0,17.6,97,1.0,6.5,3.61,355.0,20.3,97.0,,,,,,4.0,9.0,16.5,92.0,2.3,3.26,333.0,20.2,100.0
2026-05-27 04:00:00,2.2,60.0,17.6,97,2.3,6.81,3.85,351.0,20.2,95.0,,,,,,4.2,5.0,16.4,93.0,2.4,3.77,338.0,20.1,98.0
2026-05-27 05:00:00,4.34,38.0,17.7,96,4.4,7.06,4.1,347.0,20.3,92.0,,,,,,4.6,2.0,16.3,93.0,2.9,4.21,342.0,19.9,95.0
2026-05-27 06:00:00,5.72,36.0,17.8,96,5.7,7.24,4.37,344.0,20.3,89.0,,,,,,4.8,358.0,16.3,93.0,3.2,4.46,344.0,19.8,92.0
2026-05-27 07:00:00,5.09,43.0,17.9,96,5.0,7.45,4.65,341.0,20.4,86.0,,,,,,4.4,359.0,16.5,92.0,3.1,4.54,346.0,19.8,89.0
2026-05-27 08:00:00,3.98,62.0,18.0,96,3.4,7.62,4.94,339.0,20.4,83.0,,,,,,3.7,359.0,16.8,90.0,2.8,4.71,348.0,19.8,85.0
2026-05-27 09:00:00,3.79,78.0,18.2,96,2.7,7.89,5.28,335.0,20.4,80.0,,,,,,3.3,0.0,17.0,88.0,2.7,4.83,347.0,19.9,83.0
2026-05-27 10:00:00,4.46,70.0,18.3,96,3.6,8.19,5.64,333.0,20.3,78.0,,,,,,3.5,346.0,17.2,86.0,2.9,5.0,344.0,20.1,81.0
2026-05-27 11:00:00,5.83,59.0,18.4,95,5.2,8.64,6.0,330.0,20.1,77.0,,,,,,3.9,333.0,17.3,85.0,3.2,5.22,340.0,20.4,80.0
2026-05-27 12:00:00,7.19,58.0,18.6,94,7.1,9.06,6.38,328.0,19.9,76.0,,,,,,4.5,319.0,17.4,84.0,3.7,5.5,335.0,20.8,78.0
2026-05-27 13:00:00,8.51,66.0,19.0,92,9.1,9.49,6.71,327.0,19.7,75.0,,,,,,5.3,314.0,17.5,84.0,4.6,5.68,332.0,21.2,77.0
2026-05-27 14:00:00,10.07,77.0,19.6,89,11.3,9.87,6.96,325.0,19.4,74.0,,,,,,6.1,310.0,17.6,84.0,5.8,5.75,329.0,21.5,77.0
2026-05-27 15:00:00,11.12,86.0,20.0,87,13.0,10.29,7.24,325.0,19.2,73.0,,,,,,6.8,305.0,17.6,84.0,6.5,5.71,327.0,21.6,76.0
2026-05-27 16:00:00,11.34,99.0,20.3,86,14.1,10.82,7.49,326.0,18.9,71.0,,,,,,7.1,308.0,17.7,85.0,6.6,5.39,329.0,21.5,76.0
2026-05-27 17:00:00,11.55,115.0,20.5,85,14.6,11.46,7.74,327.0,18.7,69.0,,,,,,7.2,312.0,17.8,86.0,6.4,4.96,332.0,21.3,76.0
2026-05-27 18:00:00,11.54,124.0,20.3,86,14.2,11.97,7.85,329.0,18.5,67.0,,,,,,7.0,315.0,17.8,88.0,5.9,4.35,337.0,21.0,76.0
2026-05-27 19:00:00,10.1,122.0,19.4,88,12.2,12.4,7.98,330.0,18.3,65.0,,,,,,6.3,318.0,17.5,90.0,5.1,3.83,345.0,20.6,76.0
2026-05-27 20:00:00,7.95,111.0,18.2,92,9.4,12.79,8.05,332.0,18.0,64.0,,,,,,5.5,322.0,17.2,92.0,4.0,3.22,353.0,20.2,77.0
2026-05-27 21:00:00,6.24,102.0,17.3,94,6.9,12.88,7.96,333.0,17.8,64.0,,,,,,5.0,,17.1,93.0,3.5,2.7,360.0,19.8,78.0
2026-05-27 22:00:00,5.09,110.0,17.0,94,5.5,12.66,7.74,335.0,17.6,65.0,,,,,,4.9,,17.0,93.0,3.3,2.01,6.0,19.4,80.0
2026-05-27 23:00:00,4.53,131.0,17.0,94,4.4,12.22,7.3,337.0,17.4,67.0,,,,,,4.9,,17.1,93.0,3.4,1.24,14.0,18.9,82.0
2026-05-28 00:00:00,4.27,147.0,17.0,93,3.6,11.69,6.82,338.0,17.2,69.0,,,,,,,,,,,0.5,37.0,18.4,84.0
2026-05-28 01:00:00,3.31,151.0,16.8,92,2.8,11.07,6.33,339.0,17.1,71.0,,,,,,,,,,,0.54,158.0,17.9,87.0
2026-05-28 02:00:00,1.86,144.0,16.6,91,2.1,10.27,5.66,339.0,17.0,73.0,,,,,,,,,,,1.22,171.0,17.5,89.0
2026-05-28 03:00:00,0.76,113.0,16.5,91,1.7,9.19,5.03,339.0,17.1,74.0,,,,,,,,,,,1.8,177.0,17.4,90.0
2026-05-28 04:00:00,0.71,8.0,16.4,92,1.9,7.79,4.25,336.0,17.3,73.0,,,,,,,,,,,2.2,177.0,17.6,90.0
2026-05-28 05:00:00,1.68,343.0,16.4,94,2.3,6.26,3.45,330.0,17.7,71.0,,,,,,,,,,,2.4,180.0,17.9,90.0
2026-05-28 06:00:00,2.34,340.0,16.8,93,2.6,4.86,2.77,319.0,18.1,69.0,,,,,,,,,,,2.5,180.0,18.4,90.0
2026-05-28 07:00:00,2.18,344.0,17.7,86,2.2,3.62,2.25,302.0,18.5,67.0,,,,,,,,,,,2.5,182.0,19.0,89.0
2026-05-28 08:00:00,1.61,353.0,19.0,76,1.7,3.01,2.02,279.0,19.0,65.0,,,,,,,,,,,2.52,187.0,19.5,88.0
2026-05-28 09:00:00,1.53,349.0,20.1,68,1.7,3.11,2.32,263.0,19.4,64.0,,,,,,,,,,,2.45,192.0,20.0,87.0
2026-05-28 10:00:00,2.52,326.0,20.7,65,2.9,3.69,2.77,257.0,19.7,64.0,,,,,,,,,,,2.38,202.0,20.5,85.0
2026-05-28 11:00:00,4.38,315.0,21.2,63,4.6,4.47,3.35,260.0,20.1,65.0,,,,,,,,,,,2.36,216.0,21.1,83.0
2026-05-28 12:00:00,5.73,313.0,21.6,62,5.9,5.16,3.85,261.0,20.3,66.0,,,,,,,,,,,2.42,232.0,21.7,80.0
2026-05-28 13:00:00,6.08,315.0,22.0,59,6.3,5.84,4.33,263.0,20.5,68.0,,,,,,,,,,,2.64,245.0,22.2,78.0
2026-05-28 14:00:00,5.97,320.0,22.3,56,6.3,6.52,4.72,265.0,20.7,70.0,,,,,,,,,,,2.91,254.0,22.5,76.0
2026-05-28 15:00:00,5.78,323.0,22.3,55,6.2,6.91,4.92,265.0,20.6,72.0,,,,,,,,,,,2.96,258.0,22.5,76.0
2026-05-28 16:00:00,5.54,321.0,21.7,57,6.0,6.82,4.63,264.0,20.3,75.0,,,,,,,,,,,2.77,257.0,22.2,77.0
2026-05-28 17:00:00,5.23,317.0,20.8,61,5.7,6.35,4.08,259.0,19.8,78.0,,,,,,,,,,,2.21,252.0,21.4,81.0
2026-05-28 18:00:00,4.89,311.0,19.9,66,5.3,5.9,3.54,254.0,19.3,81.0,,,,,,,,,,,1.7,242.0,20.5,84.0
2026-05-28 19:00:00,4.41,303.0,18.9,72,4.5,5.48,3.05,247.0,18.7,84.0,,,,,,,,,,,1.28,219.0,19.6,88.0
2026-05-28 20:00:00,3.96,291.0,17.8,78,3.6,4.96,2.58,234.0,18.2,87.0,,,,,,,,,,,1.14,195.0,18.9,91.0
2026-05-28 21:00:00,3.88,282.0,17.1,83,3.1,4.7,2.33,223.0,17.8,89.0,,,,,,,,,,,1.2,185.0,18.7,92.0
2026-05-28 22:00:00,4.06,280.0,16.8,84,3.1,4.79,2.28,218.0,17.5,90.0,,,,,,,,,,,1.2,175.0,18.5,93.0
2026-05-28 23:00:00,4.47,280.0,16.7,83,3.5,5.05,2.36,216.0,17.4,89.0,,,,,,,,,,,1.2,175.0,18.4,93.0
2026-05-29 00:00:00,4.95,284.0,16.7,82,4.1,5.32,2.44,215.0,17.3,88.0,,,,,,,,,,,1.2,175.0,18.4,93.0
2026-05-29 01:00:00,5.72,289.0,16.5,82,5.2,5.59,2.58,216.0,17.3,86.0,,,,,,,,,,,1.2,180.0,18.5,93.0
2026-05-29 02:00:00,6.67,294.0,16.4,82,6.7,5.91,2.78,218.0,17.4,84.0,,,,,,,,,,,1.2,185.0,18.6,92.0
2026-05-29 03:00:00,7.38,297.0,16.3,82,7.7,6.09,2.98,220.0,17.6,82.0,,,,,,,,,,,,,,
2026-05-29 04:00:00,7.56,294.0,16.1,82,7.9,6.19,3.19,221.0,18.1,79.0,,,,,,,,,,,,,,
2026-05-29 05:00:00,7.6,291.0,15.9,83,7.8,6.16,3.47,224.0,18.7,77.0,,,,,,,,,,,,,,
2026-05-29 06:00:00,7.54,292.0,16.2,81,7.9,6.19,3.75,226.0,19.4,74.0,,,,,,,,,,,,,,
2026-05-29 07:00:00,7.63,302.0,17.3,75,8.5,6.16,4.04,228.0,20.0,71.0,,,,,,,,,,,,,,
2026-05-29 08:00:00,8.06,315.0,18.9,67,9.4,6.22,4.33,230.0,20.7,68.0,,,,,,,,,,,,,,
2026-05-29 09:00:00,8.82,325.0,20.2,60,10.3,6.36,4.62,231.0,21.2,66.0,,,,,,,,,,,,,,
2026-05-29 10:00:00,9.36,330.0,20.8,55,11.5,6.66,5.0,233.0,21.5,65.0,,,,,,,,,,,,,,
2026-05-29 11:00:00,9.7,334.0,21.1,50,12.8,7.05,5.33,236.0,21.7,64.0,,,,,,,,,,,,,,
2026-05-29 12:00:00,9.93,335.0,21.3,48,13.5,7.38,5.58,237.0,21.9,64.0,,,,,,,,,,,,,,
2026-05-29 13:00:00,9.97,333.0,21.3,49,13.4,7.72,5.83,239.0,21.9,64.0,,,,,,,,,,,,,,
2026-05-29 14:00:00,9.95,330.0,21.1,52,12.7,7.98,5.92,240.0,21.9,65.0,,,,,,,,,,,,,,
2026-05-29 15:00:00,9.68,327.0,20.8,55,11.9,8.01,5.92,240.0,21.7,66.0,,,,,,,,,,,,,,
2026-05-29 16:00:00,9.21,326.0,20.4,58,11.2,7.79,5.52,238.0,21.2,68.0,,,,,,,,,,,,,,
2026-05-29 17:00:00,8.54,325.0,20.0,61,10.3,7.39,4.96,236.0,20.6,72.0,,,,,,,,,,,,,,
2026-05-29 18:00:00,7.88,324.0,19.4,64,9.5,6.95,4.28,233.0,20.0,75.0,,,,,,,,,,,,,,
2026-05-29 19:00:00,7.38,324.0,18.3,69,8.7,6.41,3.61,228.0,19.3,78.0,,,,,,,,,,,,,,
2026-05-29 20:00:00,6.96,325.0,17.1,75,8.0,5.88,2.97,222.0,18.7,82.0,,,,,,,,,,,,,,
2026-05-29 21:00:00,6.52,324.0,16.3,78,7.3,5.58,2.58,216.0,18.1,85.0,,,,,,,,,,,,,,
2026-05-29 22:00:00,6.2,322.0,16.2,75,6.6,5.49,2.39,213.0,17.7,87.0,,,,,,,,,,,,,,
2026-05-29 23:00:00,5.95,319.0,16.5,69,6.0,5.58,2.39,213.0,17.4,88.0,,,,,,,,,,,,,,
2026-05-30 00:00:00,5.45,317.0,16.7,67,5.2,5.66,2.36,216.0,17.2,89.0,,,,,,,,,,,,,,
2026-05-30 01:00:00,4.55,320.0,16.5,72,4.1,5.66,2.34,220.0,17.1,89.0,,,,,,,,,,,,,,
2026-05-30 02:00:00,3.41,328.0,16.3,80,2.9,5.75,2.41,222.0,17.1,89.0,,,,,,,,,,,,,,
2026-05-30 03:00:00,2.44,341.0,16.1,87,2.0,5.58,2.33,223.0,17.2,88.0,,,,,,,,,,,,,,
2026-05-30 04:00:00,1.8,357.0,15.9,90,1.6,5.1,2.27,221.0,17.7,86.0,,,,,,,,,,,,,,
2026-05-30 05:00:00,1.3,23.0,15.7,91,1.6,4.48,2.14,217.0,18.3,84.0,,,,,,,,,,,,,,
2026-05-30 06:00:00,1.13,45.0,16.2,90,1.5,3.82,2.08,215.0,18.9,82.0,,,,,,,,,,,,,,
2026-05-30 07:00:00,0.81,60.0,17.6,84,1.2,3.26,2.02,213.0,19.6,80.0,,,,,,,,,,,,,,
2026-05-30 08:00:00,0.4,90.0,19.6,76,0.8,2.75,1.97,210.0,20.3,77.0,,,,,,,,,,,,,,
2026-05-30 09:00:00,0.0,270.0,21.3,69,0.7,2.42,1.89,212.0,20.9,75.0,,,,,,,,,,,,,,
2026-05-30 10:00:00,0.57,315.0,22.3,65,1.0,2.36,1.91,223.0,21.4,74.0,,,,,,,,,,,,,,
2026-05-30 11:00:00,1.42,321.0,23.0,63,1.5,2.56,2.11,239.0,21.8,73.0,,,,,,,,,,,,,,
2026-05-30 12:00:00,2.16,326.0,23.4,62,2.1,2.82,2.34,250.0,22.1,72.0,,,,,,,,,,,,,,
2026-05-30 13:00:00,2.73,332.0,23.5,61,2.7,3.26,2.65,259.0,22.3,72.0,,,,,,,,,,,,,,
2026-05-30 14:00:00,3.36,337.0,23.3,61,3.2,3.69,3.01,266.0,22.4,72.0,,,,,,,,,,,,,,
2026-05-30 15:00:00,3.73,340.0,22.9,62,3.6,3.95,3.2,270.0,22.2,73.0,,,,,,,,,,,,,,
2026-05-30 16:00:00,3.94,336.0,22.1,66,3.7,3.72,3.0,272.0,21.7,76.0,,,,,,,,,,,,,,
2026-05-30 17:00:00,3.98,332.0,21.1,71,3.6,3.21,2.6,272.0,21.0,81.0,,,,,,,,,,,,,,
2026-05-30 18:00:00,3.94,330.0,20.2,76,3.5,2.71,2.1,273.0,20.3,85.0,,,,,,,,,,,,,,
2026-05-30 19:00:00,4.02,333.0,19.3,81,3.5,2.21,1.6,270.0,19.5,89.0,,,,,,,,,,,,,,
2026-05-30 20:00:00,4.05,340.0,18.4,86,3.6,1.61,1.0,264.0,18.6,94.0,,,,,,,,,,,,,,
2026-05-30 21:00:00,3.88,348.0,17.8,89,3.5,1.17,0.54,248.0,17.9,97.0,,,,,,,,,,,,,,
2026-05-30 22:00:00,3.1,360.0,17.4,90,3.1,1.13,0.41,194.0,17.2,99.0,,,,,,,,,,,,,,
2026-05-30 23:00:00,2.42,24.0,17.3,90,2.5,1.43,0.63,162.0,16.6,100.0,,,,,,,,,,,,,,
2026-05-31 00:00:00,2.27,49.0,17.2,89,2.2,1.84,0.94,148.0,16.2,100.0,,,,,,,,,,,,,,
2026-05-31 01:00:00,2.5,53.0,17.0,88,2.3,2.32,1.22,145.0,15.8,100.0,,,,,,,,,,,,,,
2026-05-31 02:00:00,2.76,46.0,16.9,88,2.5,2.81,1.5,143.0,15.6,100.0,,,,,,,,,,,,,,
2026-05-31 03:00:00,2.9,44.0,16.8,87,2.7,3.1,1.78,142.0,15.6,99.0,,,,,,,,,,,,,,
2026-05-31 04:00:00,2.77,49.0,16.6,87,2.7,3.11,1.98,139.0,16.2,97.0,,,,,,,,,,,,,,
2026-05-31 05:00:00,2.52,56.0,16.4,88,2.6,2.98,2.05,137.0,17.0,95.0,,,,,,,,,,,,,,
2026-05-31 06:00:00,2.37,62.0,16.9,86,2.5,2.88,2.13,139.0,17.9,92.0,,,,,,,,,,,,,,
2026-05-31 07:00:00,2.46,63.0,18.5,79,2.4,2.77,2.2,141.0,18.9,89.0,,,,,,,,,,,,,,
2026-05-31 08:00:00,2.56,59.0,20.7,70,2.3,2.64,2.16,146.0,19.9,86.0,,,,,,,,,,,,,,
2026-05-31 09:00:00,2.7,51.0,22.6,63,2.4,2.6,2.15,158.0,20.8,84.0,,,,,,,,,,,,,,
2026-05-31 10:00:00,2.84,39.0,23.9,59,2.7,2.8,2.3,182.0,21.4,82.0,,,,,,,,,,,,,,
2026-05-31 11:00:00,3.22,26.0,25.0,58,3.0,3.81,2.95,204.0,21.9,80.0,,,,,,,,,,,,,,
2026-05-31 12:00:00,3.81,14.0,25.5,57,3.6,5.1,3.86,217.0,22.3,79.0,,,,,,,,,,,,,,
2026-05-31 13:00:00,4.7,1.0,25.2,57,4.5,6.45,4.81,223.0,22.6,78.0,,,,,,,,,,,,,,
2026-05-31 14:00:00,5.76,352.0,24.4,58,5.5,7.85,5.74,229.0,22.9,77.0,,,,,,,,,,,,,,
2026-05-31 15:00:00,6.67,347.0,23.6,60,6.2,8.7,6.31,229.0,22.9,77.0,,,,,,,,,,,,,,
2026-05-31 16:00:00,7.13,345.0,23.0,62,6.6,8.78,6.16,227.0,22.6,78.0,,,,,,,,,,,,,,
2026-05-31 17:00:00,7.25,345.0,22.4,64,6.7,8.36,5.67,221.0,22.2,81.0,,,,,,,,,,,,,,
2026-05-31 18:00:00,7.13,345.0,21.8,67,6.4,7.89,5.19,214.0,21.7,83.0,,,,,,,,,,,,,,
2026-05-31 19:00:00,6.65,348.0,20.9,71,5.4,7.52,4.74,205.0,21.2,86.0,,,,,,,,,,,,,,
2026-05-31 20:00:00,5.95,352.0,19.8,76,3.9,7.13,4.34,195.0,20.6,89.0,,,,,,,,,,,,,,
2026-05-31 21:00:00,5.31,357.0,19.1,80,2.8,6.79,4.03,187.0,20.1,91.0,,,,,,,,,,,,,,
2026-05-31 22:00:00,4.5,357.0,18.7,81,2.3,6.48,3.73,188.0,19.8,92.0,,,,,,,,,,,,,,
2026-05-31 23:00:00,3.71,357.0,18.7,80,2.2,6.06,3.49,193.0,19.6,93.0,,,,,,,,,,,,,,
2026-06-01 00:00:00,3.2,358.0,18.6,79,2.2,5.69,3.2,200.0,19.5,93.0,,,,,,,,,,,,,,
2026-06-01 01:00:00,3.31,5.0,18.4,79,2.4,5.41,3.09,209.0,19.4,93.0,,,,,,,,,,,,,,
2026-06-01 02:00:00,3.88,12.0,18.1,79,2.8,5.22,2.98,220.0,19.3,93.0,,,,,,,,,,,,,,
2026-06-01 03:00:00,4.24,19.0,18.0,79,3.2,5.06,3.04,226.0,19.4,93.0,,,,,,,,,,,,,,
2026-06-01 04:00:00,4.34,29.0,17.7,80,3.6,4.9,3.04,226.0,19.7,92.0,,,,,,,,,,,,,,
2026-06-01 05:00:00,4.47,40.0,17.5,82,3.9,4.72,3.04,224.0,20.1,91.0,,,,,,,,,,,,,,
2026-06-01 06:00:00,4.6,48.0,17.9,80,4.2,4.52,2.98,220.0,20.4,90.0,,,,,,,,,,,,,,
2026-06-01 07:00:00,4.75,49.0,19.5,73,4.3,4.33,3.0,217.0,20.8,89.0,,,,,,,,,,,,,,
2026-06-01 08:00:00,4.82,48.0,21.7,63,4.2,4.13,2.88,214.0,21.1,88.0,,,,,,,,,,,,,,
2026-06-01 09:00:00,4.67,45.0,23.5,55,4.1,3.88,2.8,215.0,21.2,87.0,,,,,,,,,,,,,,
2026-06-01 10:00:00,4.33,40.0,24.4,53,3.8,3.61,2.62,223.0,21.1,87.0,,,,,,,,,,,,,,
2026-06-01 11:00:00,3.91,32.0,24.8,53,3.5,3.41,2.39,237.0,20.7,88.0,,,,,,,,,,,,,,
2026-06-01 12:00:00,3.57,18.0,25.0,54,3.4,3.45,2.4,253.0,20.3,89.0,,,,,,,,,,,,,,
2026-06-01 13:00:00,3.62,354.0,24.9,54,3.9,3.71,2.6,268.0,19.9,90.0,,,,,,,,,,,,,,
2026-06-01 14:00:00,4.38,333.0,24.5,53,4.7,4.06,2.96,282.0,19.4,91.0,,,,,,,,,,,,,,
2026-06-01 15:00:00,4.92,322.0,24.0,54,4.9,4.43,3.2,290.0,19.0,92.0,,,,,,,,,,,,,,
2026-06-01 16:00:00,4.34,322.0,23.4,57,4.1,4.52,3.22,296.0,18.7,92.0,,,,,,,,,,,,,,
2026-06-01 17:00:00,3.11,327.0,22.8,61,2.8,4.44,3.14,301.0,18.4,92.0,,,,,,,,,,,,,,
2026-06-01 18:00:00,2.15,338.0,22.0,65,1.8,4.36,3.08,306.0,18.1,92.0,,,,,,,,,,,,,,
2026-06-01 19:00:00,1.82,351.0,20.9,71,1.5,4.24,2.97,312.0,17.9,92.0,,,,,,,,,,,,,,
2026-06-01 20:00:00,1.7,360.0,19.8,77,1.4,4.11,2.83,318.0,17.6,91.0,,,,,,,,,,,,,,
2026-06-01 21:00:00,1.8,3.0,19.0,81,1.6,4.06,2.77,319.0,17.5,91.0,,,,,,,,,,,,,,
2026-06-01 22:00:00,2.2,360.0,18.8,80,2.0,4.0,2.7,321.0,17.5,91.0,,,,,,,,,,,,,,
2026-06-01 23:00:00,2.72,354.0,18.9,77,2.6,4.06,2.77,319.0,17.5,91.0,,,,,,,,,,,,,,
